Age,N,E,U,UN,UE,NU,NE,EU,EN,EE,Wage,Tax,Equilibrium
23,0.0005783446729965767,0.00082102494657082,0.00015193783496280958,0.11455788396744486,0.24863406941530686,0.04911497952819061,0.08812467413678533,0.03202995271471933,0.062480195790650374,0.04909083574029321,0.4714342458456329,0.0,General
24,0.0004699720200611604,0.0009300559827184512,0.00014988584908722687,0.11022585357351787,0.24777982687286682,0.05658126898905274,0.08888178197475737,0.027569268525559677,0.049228827993747025,0.04101276455007622,0.5157595144968931,0.0,General
25,0.0004076056035340783,0.0010096263218874115,0.00013118098417786586,0.10873733911493615,0.24884812211309962,0.05682646291171614,0.09291804241199404,0.02411363736908448,0.04045123408473303,0.03713830448838224,0.5509386530190534,0.0,General
26,0.0003391039098780551,0.0010699448736116752,0.00013774769007927863,0.0984620343780727,0.2511722618321098,0.06705378811500674,0.09650723627496642,0.02262382052088018,0.035699450003562526,0.034735739328570915,0.5818317407930008,0.0,General
27,0.00029675327271422926,0.0011244756127479045,0.00012382690293347482,0.09896046115960107,0.2555128751034104,0.06429538214291074,0.10129189683693936,0.021009683590278803,0.03020003342739,0.033130607378475944,0.6074280269212126,0.0,General
28,0.00026342598740311247,0.0011625081984980256,0.00011724727041100339,0.09221179168586324,0.25218687196443673,0.07019911137755604,0.10106638521123971,0.01932093266177366,0.026805776759121602,0.031227634080023135,0.633944398208227,0.0,General
29,0.0002282560317648271,0.0011949528249189851,0.00011795453704850926,0.08698431957275483,0.25217962510097935,0.0737828691808084,0.10539552958677507,0.018551002473278382,0.023537781298682284,0.030033017223411094,0.6584844589507096,0.0,General
30,0.00020331186261945497,0.0012303863299076671,0.00010529259217067562,0.08748793980337714,0.2603350150038857,0.06993845245783954,0.10864175025745582,0.017409461988964068,0.020980440726032463,0.02901772335624127,0.6789399595825558,0.0,General
31,0.0001865354350483127,0.001251328886286796,9.878771139193593e-05,0.08220176422968979,0.2595399573615654,0.07412622321577868,0.10773496533838499,0.016114048167870553,0.019190560548198014,0.027779610405188587,0.7023516062832145,0.0,General
32,0.0001690897476762239,0.0012659909842973657,9.90539781250338e-05,0.07735677130265713,0.2529212606615721,0.07448439677497905,0.10637797300183598,0.015553994954476865,0.017356499002057924,0.026663572558925125,0.7255689548604952,0.0,General
33,0.00015713864713620717,0.0012807223310488068,9.356452601483002e-05,0.07612390986278368,0.2534724391294998,0.07088720275993883,0.10777448006410804,0.014905018040414641,0.015790887563735527,0.025726776599430595,0.7461410450693973,0.0,General
34,0.00015046119368449307,0.0012937407332844055,8.430823488479661e-05,0.07760242171299946,0.26392231282467743,0.06736197667299781,0.10694106215602629,0.013886230016100292,0.014898013690106566,0.025044574438729355,0.7653148105783628,0.0,General
35,0.00014197724876447657,0.0013018983499814623,8.14978326355061e-05,0.07209804768356701,0.2618180691852244,0.07055517042408385,0.1048424590831859,0.013226084627818942,0.013996776590032206,0.024239937095540506,0.7843932049550034,0.0,General
36,0.0001360084629636271,0.0013072900258217018,7.870051469738939e-05,0.07124776952248256,0.25980227349151036,0.06705245963904986,0.10289673014096123,0.012682567025570258,0.013178334203457542,0.023489242476016584,0.8024853929307073,0.0,General
37,0.00013213602085971024,0.0013116072018936073,7.462622553700974e-05,0.07109202864312929,0.25977312314705375,0.06378279329529385,0.10216962985546356,0.012153735021870338,0.01247844484302714,0.022806671779349405,0.81884418388639,0.0,General
38,0.00012973608387573443,0.0013141053036290855,7.06247643632028e-05,0.0712049599567691,0.2600104327116585,0.06056932639917745,0.10059060775720167,0.011616997637942189,0.012036831520877318,0.022129688665167114,0.8339872399857905,0.0,General
39,0.00012935892476502938,0.0013134817633325933,6.742856323330988e-05,0.0717713903479526,0.2598934603062003,0.05784941827549911,0.09835440637363695,0.01114204270464729,0.011746216946740521,0.02147107328461942,0.8485351250139618,0.0,General
40,0.0001283994981008467,0.0013111921318987136,6.616593938032982e-05,0.0682722729870156,0.25736922361872044,0.05763623981432053,0.09579185356646625,0.010821596154168342,0.011478683687000215,0.02088211763131385,0.8617813089926262,0.0,General
41,0.00012857756611518408,0.0013073295236946207,6.50014584946095e-05,0.06727938787133578,0.2548181619188719,0.05421726728795465,0.09268642452767624,0.01056076564017279,0.011254130731758391,0.020335623685698325,0.8736631245194227,0.0,General
42,0.00013041907740473187,0.0013021469167914326,6.313218955425038e-05,0.06753751131552545,0.2537889244733011,0.051568964377587394,0.09022082499867164,0.01030141512351978,0.011094298611007606,0.019846439462160578,0.884095750118624,0.0,General
43,0.00013329230191824344,0.0012958849971910966,6.092366071358826e-05,0.0686491448734584,0.2546854846083003,0.04891548151054239,0.08735483006089768,0.010021510418497975,0.011026000949190295,0.019408628111189184,0.892919551662459,0.0,General
44,0.00013747276875629755,0.0012889183276569409,5.769869052301486e-05,0.07052114364709659,0.25742615357432536,0.04567255033038837,0.08451833512311496,0.009652018043885909,0.011081143022446241,0.01907209374084409,0.8999888624004924,0.0,General
45,0.0001422840576374189,0.001279126738250263,5.622514766068194e-05,0.07216745440341983,0.25575098504498195,0.04360559993550766,0.08150297268740174,0.009492998419690101,0.011151802773324596,0.01863911387269517,0.9063983224130112,0.0,General
46,0.00014853335703784719,0.001267378027921048,5.4797635937243855e-05,0.07356797480328653,0.2544950979376557,0.041198429466740155,0.07827456049535175,0.009282423223189234,0.011325863177899643,0.018244866011840773,0.9116190723391148,0.0,General
47,0.00015627262693552725,0.0012536821839077416,5.332206412836407e-05,0.07506807287852246,0.2531537457330559,0.03890762865258695,0.07515637326831416,0.00908103315781549,0.011585033583359413,0.017885208252880914,0.9156164680297669,0.0,General
48,0.00016460290147631986,0.0012383507592818247,5.2351925881867195e-05,0.07683669036792287,0.2512623654910839,0.03639154712087129,0.07194965734497685,0.008938831551569852,0.01188271521885856,0.017564336384304904,0.9182055675747475,0.0,General
49,0.00017474707660468673,0.0012202938546931154,5.17185021490979e-05,0.07733172607918097,0.24701561203624314,0.03442883270706411,0.06891976382309191,0.008836857940271265,0.012313931058182936,0.017218445593871794,0.9199350287673352,0.0,General
50,0.0001858658627576905,0.0012002625015042263,5.147251000350459e-05,0.07841537316881662,0.244080054382901,0.03263538657307539,0.06543469919744903,0.008775090349894234,0.012744166152342312,0.016920954901838717,0.9203317342542396,0.0,General
51,0.00019952963601306418,0.0011778310443504396,5.042986854451423e-05,0.08082388386678604,0.2426045300008123,0.030310953145554848,0.061863428913656704,0.008665177507027078,0.013263915015754442,0.01666392646226647,0.9194554518335495,0.0,General
52,0.0002140720535096059,0.0011536064107281535,4.960883346664384e-05,0.08291104044625537,0.24059804812479554,0.02844361343283422,0.059177224593985285,0.008601954701456362,0.013974837213650075,0.016438631323048458,0.9171221054861868,0.0,General
53,0.00023150370997361745,0.0011262536456250669,4.829084946057438e-05,0.0846315514791431,0.2389778605415206,0.02618229725344036,0.05591109895312562,0.008436640420728175,0.014695406159374888,0.01621445146634282,0.9137995585836127,0.0,General
54,0.00025023081599581095,0.0010963356762923348,4.746218235693886e-05,0.08690785592365204,0.23657673601213705,0.024273367698302285,0.05308434763274288,0.0083963465905547,0.015630466561482495,0.01599396051919222,0.9093567356754694,0.0,General
55,0.00027159177971770274,0.0010632648047435122,4.6325944258868715e-05,0.09065049186840594,0.2346020423052678,0.022763080744556487,0.05024766742632794,0.008319102897846467,0.016683604935201286,0.015794430902230695,0.9039826806841513,0.0,General
56,0.00029517959947848813,0.0010265854882263472,4.5697066788718775e-05,0.09308471238066607,0.2316565941149926,0.02130028138179151,0.047319213656911864,0.008306036398871584,0.017836983433172592,0.015595237696625493,0.8978797067489767,0.0,General
57,0.0003213242436271315,0.0009868504466103826,4.4644003169270654e-05,0.09620627379396235,0.22921750032143717,0.01976059218042534,0.04478867334320366,0.008266800463322076,0.01922623771452147,0.01542010316651433,0.8907034736622776,0.0,General
58,0.0003500338479173319,0.0009439449674147126,4.3223461160106626e-05,0.10185621689718193,0.22638464155692986,0.018166310102477174,0.04241718903193576,0.008243207558332868,0.020864467732879987,0.015239633272156149,0.8825393887841891,0.0,General
59,0.0003808375229284817,0.0008973867589978935,4.2338039916082965e-05,0.1042074926791322,0.22280401920660398,0.016949357041749564,0.03993265229347025,0.008223105351718182,0.022645088929685225,0.015063717224619855,0.8736988718961437,0.0,General
60,0.00041389112223744635,0.0008476333886659463,4.13233876556745e-05,0.10877904763586647,0.21978711815076712,0.015837936521112633,0.037568721661583114,0.008201673146302947,0.02469084287761363,0.014954933620777608,0.8640238991653172,0.0,General
61,0.0004494219454736483,0.0007950484095822205,3.95378129578932e-05,0.11459017548991725,0.21733504713461502,0.014462300888779539,0.035424220803519695,0.00816435055198547,0.02711705240228997,0.014866730592785043,0.853288054494371,0.0,General
62,0.0004873969846669777,0.0007391377381972364,3.745817778259827e-05,0.1215479909909436,0.21467925650441058,0.013301711214238607,0.033402654255022875,0.008150522233674044,0.02995587912399841,0.014753528579246394,0.8421822054939248,0.0,General
63,0.0005267335283171409,0.0006799331174708537,3.608644396512161e-05,0.12471471073909367,0.21008948250869453,0.012334483702227601,0.0313060501843568,0.008111654965973878,0.033208554203240155,0.014681473363184006,0.8309725716721154,0.0,General
64,0.0005671202229753128,0.0006192674421151128,3.385399531030802e-05,0.13325923057048716,0.2078100321163837,0.011184810594240311,0.029459615293609586,0.008072959721703363,0.037007739395466414,0.014711445130982657,0.8185371812957895,0.0,General
65,0.0006084628788588459,0.0005564415027664389,3.150991543873276e-05,0.1393174731689158,0.2041933400851472,0.010302454690541323,0.02754091590744787,0.008083676601016467,0.04137463038398128,0.014722530887734077,0.80610986018827,0.0,General
66,0.0006485889874025275,0.0004933018235189518,2.9339564658423397e-05,0.14714820827012873,0.19988070860676596,0.009227328835409564,0.025785777053068917,0.00801761920787695,0.04672031478934458,0.014890293854566394,0.7927396634875064,0.0,General
67,0.000688646843205926,0.0004296540616737651,2.6353116170892564e-05,0.15456375466220373,0.19709239305922568,0.008338313614418967,0.02401226818756746,0.008023825608566041,0.05285224675035872,0.015063913615452623,0.7794659312196214,0.0,General
68,0.0007254575317764813,0.0003673444164222904,2.385334241253746e-05,0.1645536835719048,0.19137612114228686,0.007340123833575443,0.02225684602916264,0.007964496012805605,0.0604200471127189,0.015371196521457846,0.7654898381266518,0.0,General
69,0.0007595204370562046,0.00030692180280858424,2.076924756211752e-05,0.17190776981771153,0.18773895323513723,0.006411565997532911,0.020516519057557008,0.007950989569583284,0.06920649496370906,0.01577939188162891,0.7514351224686641,0.0,General
70,0.0007884832878109238,0.00025002903438127666,1.7796275352521217e-05,0.18421223979023446,0.18174662627426338,0.005447224246027264,0.018822304113819754,0.007841434034712805,0.0803697018123291,0.016349338780885025,0.7367942437545109,0.0,General
71,0.0008114289564489399,0.00019769746574073977,1.4816424216540609e-05,0.19234693827890292,0.17569871301603235,0.004554790380445131,0.017052137469409177,0.007790067714115031,0.0939995213541513,0.017075907325179673,0.7214763847932746,0.0,General
72,0.0008276239320248501,0.0001508132517171228,1.1685169698361475e-05,0.20205257941733032,0.17018045743950916,0.0036465443807319193,0.015286083110999759,0.007613417240056924,0.1108059524656419,0.018034655719084504,0.7056765947664925,0.0,General
73,0.0008356496788944091,0.00011035603524833321,8.863164786057034e-06,0.21418952352845147,0.1612766733324398,0.002785406902956961,0.01339788963072401,0.007343089868623881,0.13256402113633803,0.01909295490946396,0.6891031760648745,0.0,General
74,0.000835075471795631,7.692598082961357e-05,6.218174490293969e-06,0.22762963825909108,0.15205673907193926,0.0019784903626550816,0.011585278293787712,0.006736775085004556,0.16084354194076483,0.020440767987858523,0.6710360687725015,0.0,General
75,0.00082576493326416,5.054006559590483e-05,3.924068965626528e-06,0.24663259013725267,0.13996501413508514,0.0012748710708342253,0.009607517722680613,0.005662543650415082,0.1975367152412841,0.02180180662649496,0.6514260411487549,0.0,General
76,0.0008080577976472435,3.097158559965281e-05,1.941345672277127e-06,0.2819536116121209,0.12587108305494424,0.0006702387799103607,0.007655798394678673,0.003402437108895423,0.2458311472146244,0.023267270750965633,0.6289334926456923,0.0,General
77,0.000782432185577919,1.753358379505467e-05,5.731137463980922e-07,0.42889074958031453,0.1082523044013065,0.00022249721526745956,0.005726387393297369,0.0008512505826635605,0.307946870837915,0.02546777569312754,0.6012169439661794,0.0,General
78,0.0007500537709862785,8.996313845567815e-06,0.0,0.0,0.0,0.0,0.0038614743991803435,0.0,0.3808765706820205,0.027934893865458454,0.56581617689465,0.0,General
79,0.0007125898974087906,4.054533320798602e-06,0.0,0.0,0.0,0.0,0.002202327078280378,0.0,0.46206193549505303,0.029933315108537733,0.5210236993894897,0.0,General
80,0.0006720779186229511,1.408533523019564e-06,0.0,0.0,0.0,0.0,0.000896451203597216,0.0,0.5328375047469905,0.02898581018386503,0.47511994579856065,0.0,General
81,0.000629495367424251,2.7016695871717313e-07,0.0,0.0,0.0,0.0,0.00016415655889886894,0.0,0.5077288704225736,0.014282887891341469,0.46563700546602854,0.0,General
82,0.0005856827083590698,1.3003408320052655e-08,0.0,0.0,0.0,0.0,7.798667537345834e-07,0.0,0.2373957060197879,1.790004425416982e-06,0.5296561161705685,0.0,General
83,0.0005415141431860573,5.895096214120996e-10,0.0,0.0,0.0,0.0,5.7556257445299906e-08,0.0,0.3928789553429413,2.713436504930912e-07,0.4513085831213519,0.0,General
84,0.0004974822424882347,2.364477976051929e-12,0.0,0.0,0.0,0.0,5.10748499647585e-10,0.0,0.3833127684474731,9.907047093692752e-09,0.18413409203829997,0.0,General
85,0.0004538769874971144,0.0,0.0,0.0,0.0,0.0,0.0,0.0,0.0,0.0,0.0,0.0,General
86,0.0004109928834255565,0.0,0.0,0.0,0.0,0.0,0.0,0.0,0.0,0.0,0.0,0.0,General
87,0.0003691339851988786,0.0,0.0,0.0,0.0,0.0,0.0,0.0,0.0,0.0,0.0,0.0,General
88,0.0003286082295730521,0.0,0.0,0.0,0.0,0.0,0.0,0.0,0.0,0.0,0.0,0.0,General
89,0.000289720092667391,0.0,0.0,0.0,0.0,0.0,0.0,0.0,0.0,0.0,0.0,0.0,General
90,0.00025276223211061736,0.0,0.0,0.0,0.0,0.0,0.0,0.0,0.0,0.0,0.0,0.0,General
91,0.00021800640786755294,0.0,0.0,0.0,0.0,0.0,0.0,0.0,0.0,0.0,0.0,0.0,General
92,0.0001856939992126094,0.0,0.0,0.0,0.0,0.0,0.0,0.0,0.0,0.0,0.0,0.0,General
93,0.00015602657684057975,0.0,0.0,0.0,0.0,0.0,0.0,0.0,0.0,0.0,0.0,0.0,General
94,0.00012915709435222059,0.0,0.0,0.0,0.0,0.0,0.0,0.0,0.0,0.0,0.0,0.0,General
95,0.00010518232887328922,0.0,0.0,0.0,0.0,0.0,0.0,0.0,0.0,0.0,0.0,0.0,General
96,8.41372506515327e-05,0.0,0.0,0.0,0.0,0.0,0.0,0.0,0.0,0.0,0.0,0.0,General
97,6.599197537233917e-05,0.0,0.0,0.0,0.0,0.0,0.0,0.0,0.0,0.0,0.0,0.0,General
98,5.0651844750895096e-05,0.0,0.0,0.0,0.0,0.0,0.0,0.0,0.0,0.0,0.0,0.0,General
99,3.7960997473086464e-05,0.0,0.0,0.0,0.0,0.0,0.0,0.0,0.0,0.0,0.0,0.0,General
100,2.5736828892267435e-05,0.0,0.0,0.0,0.0,0.0,0.0,0.0,0.0,0.0,0.0,0.0,General
23,0.000732498550218836,0.0007047686530035521,0.00011404025130781814,0.12872432860541802,0.2577034374860005,0.033361269796703945,0.08175330243303774,0.027118561530584506,0.08452528219641037,0.04741248353391078,0.46713071776443305,0.05,General
24,0.0006144046673087047,0.0008126867646727435,0.00012282241988539007,0.12428073550772589,0.24606457285445502,0.04233254718438715,0.08150554609346301,0.023161137258310316,0.06597082447853088,0.03973334114491078,0.5067482053009297,0.05,General
25,0.0005424794174922523,0.0008960791816918696,0.0001098543104152342,0.12523636736900617,0.2521024691898007,0.03912929860459766,0.0868450617710227,0.020884704853422222,0.05547130340629416,0.03605452210447516,0.5380742063163754,0.05,General
26,0.0004665189878753574,0.0009662140395436143,0.00011406344615003744,0.11311826294594386,0.25429706311005057,0.0512358739922039,0.09089302249124052,0.01999579550534338,0.048191330080959355,0.033904563587614366,0.5641396875763919,0.05,General
27,0.0004079209768271636,0.0010276264135513828,0.00010950839801706247,0.11483632979599673,0.2525483984925901,0.0492420840420886,0.09262222395091496,0.018808388958793176,0.04064682696522228,0.032102747474898614,0.5868449949368566,0.05,General
28,0.00036977386006982195,0.0010713407709743584,0.00010206682526796151,0.1109664412573198,0.25558248018142127,0.051736817886792075,0.09370088122899456,0.017488094128121977,0.03600555287835471,0.030214109151517746,0.6112083207913367,0.05,General
29,0.0003200581999149073,0.0011149943340807874,0.00010611085973662697,0.10304422936165243,0.2569568362988014,0.058002371294706055,0.09824492048840229,0.017143758163208053,0.03199942486631339,0.029372473103352042,0.6320229377501357,0.05,General
30,0.00028678138032456357,0.0011545358285990053,9.767357577422897e-05,0.10335010726897892,0.2587707560343971,0.05570930070266988,0.0998431295960137,0.01609373139435231,0.02829696879125292,0.028160175999775706,0.6513164931800864,0.05,General
31,0.0002668522744080682,0.0011792009173805975,9.059884093837937e-05,0.100806060463061,0.2590967726781587,0.056916034159218594,0.09964411312570265,0.015083461556588828,0.025756537789020314,0.026852527206565575,0.6735218486135386,0.05,General
32,0.00023630312847245673,0.001201290237557116,9.654134406905094e-05,0.09093239943930785,0.24888329114081917,0.06277539411557288,0.10006932705337106,0.014672542941139824,0.02302475221156942,0.025777348355829736,0.6938596473986506,0.05,General
33,0.0002152907833721133,0.0012278609659176706,8.827375491006092e-05,0.09173778319828134,0.259640264235346,0.05992321237969178,0.1028984784173504,0.014151885777484075,0.021001465779937997,0.02521351645834974,0.7102648991156527,0.05,General
34,0.00020357420569324378,0.00124384265314252,8.109330301793193e-05,0.09246719812703201,0.26253679381076295,0.05742925443020672,0.10241195159676837,0.013297056403407864,0.019582127421124428,0.02429657833820602,0.7288135687261884,0.05,General
35,0.00019450035857063205,0.0012541336867608617,7.67393860499517e-05,0.08940880414244746,0.2621620180213942,0.05888645484765356,0.10115573713375742,0.012545892080587734,0.018458898154611703,0.023453486748904587,0.7473325785093986,0.05,General
36,0.00018249751936850694,0.001261354059906078,7.814742420813407e-05,0.08423702120999634,0.2552372561087502,0.059653201195832554,0.09884420866681304,0.012200160047295577,0.01729297128016104,0.022694962388440144,0.7648027962370539,0.05,General
37,0.00017463888856582253,0.001268681869144856,7.50486905796495e-05,0.08316963011142607,0.2543207554568268,0.05702317804775642,0.09866036580144805,0.011875272663819741,0.016099936941309966,0.0220579843808671,0.7798662435122584,0.05,General
38,0.00017032706709148236,0.0012726957002106261,7.144338456591469e-05,0.08297914250383602,0.25398367850057785,0.05442576780731608,0.09682239669234995,0.01147154397081019,0.015410701020516436,0.02136026917656129,0.7943403752734861,0.05,General
39,0.00016870736224316324,0.0012731702684919124,6.839162059585757e-05,0.08342377123988105,0.25365350718494456,0.051987182578159284,0.09475060468710855,0.011035105684184832,0.014957798488829867,0.020705840327568805,0.8082763108155616,0.05,General
40,0.000168525843524334,0.0012727216357373502,6.451009011820667e-05,0.08479674333322158,0.25931568760050855,0.04975830108995372,0.0926730466353999,0.010565724316466893,0.014623855198110042,0.020239954462143113,0.8204826038918172,0.05,General
41,0.0001670951846753035,0.0012705203978877727,6.329296574133899e-05,0.08103953017327348,0.25771465879671784,0.05023702611428985,0.08963456551120479,0.01033084708982742,0.014269141644279783,0.019761239431782377,0.8314127428919997,0.05,General
42,0.0001675361170105575,0.001265960573329473,6.220149341038493e-05,0.08047417713127918,0.25567287115765963,0.04774051379152253,0.0868150776099803,0.010076147194629985,0.014018143528408954,0.019283622994316522,0.8413327058278942,0.05,General
43,0.00017058405830948736,0.0012594142153534952,6.0102686159946876e-05,0.08127743917540493,0.2543493178782619,0.04526916743682898,0.08382464021382792,0.009792232305069362,0.013882660942108417,0.018844641267809478,0.8500924236898082,0.05,General
44,0.00017482028152485577,0.0012510441484925004,5.8225356918898e-05,0.08229688494061296,0.2531486541824051,0.04267116911057112,0.08095252234445106,0.009549348498940015,0.013841400084307162,0.018447411874439105,0.8575713399356903,0.05,General
45,0.00018067565510788256,0.00124019475159697,5.6765536843512206e-05,0.08345446453748613,0.2514726044084267,0.04038111769145477,0.07795964957336064,0.009359374290139335,0.013922215117062974,0.018027445284608534,0.8640829508935809,0.05,General
46,0.00018770855485818552,0.0012278761429837133,5.512432305424155e-05,0.08477490050206253,0.2507391653830731,0.03813234271409506,0.07494561521641709,0.009123026156348758,0.014077034838689438,0.017689721199990186,0.8691372509362737,0.05,General
47,0.00019636021919401558,0.0012133421746628524,5.357448111476629e-05,0.08587314230961902,0.24923534134689163,0.03574951370065299,0.07190165902301952,0.008938989628389236,0.014364375609067552,0.017337935164415685,0.8730680525634171,0.05,General
48,0.00020642901282273978,0.0011963281728474466,5.254840096982625e-05,0.08696779991554104,0.24738599018771026,0.03382442195710362,0.06874108493623562,0.008818985696894809,0.014693213699013502,0.017004953297878073,0.875990307943859,0.05,General
49,0.00021812532885122075,0.0011772828136282088,5.1351290967471224e-05,0.08847631410788863,0.24573102938565747,0.03149101876089148,0.06559313224320172,0.008686063030236514,0.015113586183479855,0.016714255074157216,0.877618162761085,0.05,General
50,0.00023152731949280041,0.0011555929570819048,5.0480597690716796e-05,0.08965838302580287,0.24338688024502955,0.029514169063170562,0.06238706739874009,0.008622655195364658,0.01564293550191476,0.016419881048500055,0.8782645371992603,0.05,General
51,0.0002466802572787603,0.0011311302353699732,4.9980056259285377e-05,0.09149880017122664,0.2404932438502044,0.027592496892645393,0.05912402385704461,0.008600930872162923,0.016206506867643838,0.01612740492663939,0.8778903916482363,0.05,General
52,0.0002641774628596155,0.001104003666901482,4.910616794330674e-05,0.09238959826337928,0.23651446644611704,0.02563905353822125,0.05616852148795476,0.00851048117936551,0.016993978875932816,0.015865249338549898,0.8764752540590702,0.05,General
53,0.0002843354559159544,0.0010737485346216352,4.7964214521669766e-05,0.09480319605746022,0.23397910227976926,0.023585684072609272,0.05329719744540831,0.008319166939203117,0.017989719395592924,0.01561535005582944,0.8741443100803564,0.05,General
54,0.00030602369303634196,0.0010411096763324305,4.689530527631269e-05,0.09721598872180802,0.2320424457054886,0.022125254994821653,0.05035571223733198,0.008299829601230114,0.018978860030997236,0.01543333857936872,0.8705212904777989,0.05,General
55,0.0003308150138238597,0.0010048776553985902,4.5489859497634514e-05,0.10068892219306975,0.23006244691187283,0.02053603835858248,0.047600253993107716,0.00815963842766956,0.020293292379435588,0.015232244388735107,0.8662365252263985,0.05,General
56,0.000358187078456245,0.0009650002226036506,4.427485343365907e-05,0.10492155263814588,0.2278506535174718,0.019172090484046254,0.04494272612470878,0.00805407157017392,0.02177810591387627,0.015055766984973086,0.8613465729677311,0.05,General
57,0.00038819058146591476,0.0009223555939941009,4.227251794677004e-05,0.11151189883141958,0.2270724920553188,0.01748584385572872,0.04260027000848209,0.008003045551165103,0.02341585572695562,0.01491114897117303,0.8552496425076064,0.05,General
58,0.0004196650610175454,0.000876490104368963,4.104711110564351e-05,0.1132383390185263,0.22431016041784588,0.016194351557803358,0.040086164993026814,0.008004203270326665,0.025190356302863426,0.014764658009993332,0.8483248364346143,0.05,General
59,0.00045349073311766534,0.0008269255005731469,4.014608815164667e-05,0.11667261905674486,0.21909006391566566,0.015051385228505005,0.03755898352244433,0.007995358497413913,0.027449552585540386,0.014592759715282184,0.8410535140251268,0.05,General
60,0.0004902524361261994,0.0007738467868621072,3.874867557076124e-05,0.12086249147736898,0.21602387377919888,0.013986100951096299,0.035440739925458084,0.007904190151638383,0.029976354741119735,0.014503354348445458,0.8334406317485503,0.05,General
61,0.0005288720106639644,0.0007189713429121891,3.616481443760921e-05,0.12990813606146012,0.2155286251780585,0.012627631717861071,0.03349328524828604,0.00781190081258602,0.03295069137369055,0.014492098110198083,0.8244201699319222,0.05,General
62,0.0005685548730886345,0.0006610538612311121,3.438416632706632e-05,0.13295868426978757,0.21205510348977322,0.011677262028149666,0.03136507079778099,0.007845429382132464,0.03627507340981573,0.014446738406816756,0.8153253391407347,0.05,General
63,0.0006086732961470437,0.0006013807952984265,3.2698998307646264e-05,0.13771770519206067,0.2069365514249866,0.01068635562829033,0.029479994342681254,0.00776562625716841,0.04029238036956378,0.014470380411357155,0.8055390413526408,0.05,General
64,0.0006497316964601627,0.000540642102766381,2.9867861174190336e-05,0.14934654713082904,0.20570708695842632,0.009508431297737777,0.02770298936652078,0.007700886186668883,0.044787273129038435,0.014596071934423293,0.794983047273944,0.05,General
65,0.0006897587512042399,0.0004788651257764929,2.7790420083285398e-05,0.1521765439885841,0.20158598395616198,0.008749971769464184,0.025759539862153888,0.007733665994012867,0.0501447438982588,0.0147366979425705,0.7845133132530653,0.05,General
66,0.0007285362404359877,0.0004177818934011659,2.4912241742749755e-05,0.16257537073686582,0.19798424939920412,0.007679655484812604,0.024136761202160458,0.007586595161362179,0.05668965632291537,0.015022243645311172,0.7731436589715789,0.05,General
67,0.0007644338368782703,0.00035768532976203663,2.2534854410277444e-05,0.16797755016823693,0.19386708898014102,0.00689821786828792,0.02234416230137104,0.0076633859909932085,0.06411426380363476,0.015358866115213811,0.7616361362811129,0.05,General
68,0.0007972034902265901,0.0003000124971981503,1.9439303186569165e-05,0.17868830295086546,0.18927047605420103,0.005905320235796207,0.020651842280813442,0.00751122759195888,0.07320880165272665,0.015807624686865997,0.749485721887028,0.05,General
69,0.0008245511171884346,0.0002458198000562702,1.6840570182201765e-05,0.18559082998581997,0.18464605068633191,0.005101159051735049,0.018967662771931324,0.007488886199157854,0.0844209077000968,0.01644529636862704,0.7366484174501964,0.05,General
70,0.0008467666351001488,0.00019568356392976564,1.385839851480775e-05,0.1976152733210428,0.1783468362002343,0.004206014648274462,0.017225028920220865,0.0073913465793751555,0.09750058006004587,0.017164152207360662,0.7237186646878401,0.05,General
71,0.0008615469489232649,0.00015122833791338206,1.1167559569573676e-05,0.2064536783981276,0.17216595648194424,0.003414930783535072,0.015557196458645868,0.007196377687222178,0.11477817021904957,0.01816751090610926,0.7092648563984999,0.05,General
72,0.0008690622272653207,0.00011251112694823314,8.548999226780693e-06,0.21551132268259923,0.16485950537975005,0.0026360972352326376,0.013753135563931235,0.006822439183677607,0.1358574157512983,0.01935280170257036,0.6942714995771327,0.05,General
73,0.0008687044293955044,8.017537860699845e-05,5.989070926297011e-06,0.22983779605804,0.15578806845292975,0.0018891766623335788,0.011999154834004754,0.006240202563134834,0.16321349202821664,0.02064867051875696,0.6780640926883735,0.05,General
74,0.0008600737226897853,5.433469927176626e-05,3.8112051539873948e-06,0.24815352370125324,0.14466317536344367,0.0012318279019976328,0.010194272014984357,0.005098055149405074,0.1985825656582655,0.02212665696916391,0.6601336469665854,0.05,General
75,0.000843527348942485,3.474373858586071e-05,1.957980297345937e-06,0.28090657803897473,0.13057238794815998,0.0006737321410717595,0.008333155025298045,0.0028936392602333886,0.2443258751898346,0.023639521349227973,0.6395444192440155,0.05,General
76,0.0008195813886962619,2.0816022798384954e-05,5.733174245267075e-07,0.3899027189649101,0.11043092798758238,0.00021691641599720884,0.00647622146031742,0.0005924625117442146,0.30230803654503724,0.02579039765117296,0.6144833552665142,0.05,General
77,0.0007889656479824607,1.1573235136911175e-05,0.0,0.0,0.0,0.0,0.004689179981415451,0.0,0.37081042623338384,0.0284005615412226,0.5826058529181465,0.05,General
78,0.0007531962840838582,5.853800747988319e-06,0.0,0.0,0.0,0.0,0.0029941764269952056,0.0,0.4459188810970227,0.031023532452979886,0.5433985259466556,0.05,General
79,0.000714104192776463,2.5402379531265185e-06,0.0,0.0,0.0,0.0,0.0015778120435290801,0.0,0.5220376142610638,0.03205944964814041,0.49828381205193856,0.05,General
80,0.000672686505986988,7.999461589827463e-07,0.0,0.0,0.0,0.0,0.00055334015864316,0.0,0.5875021585760133,0.027401034717879497,0.45543549431504626,0.05,General
81,0.000629665873314817,9.966106815132491e-08,0.0,0.0,0.0,0.0,5.1269789917332845e-05,0.0,0.37055004764424515,0.00530401763990002,0.5105744492592404,0.05,General
82,0.0005856902675261921,5.444241197630766e-09,0.0,0.0,0.0,0.0,4.6678214368886574e-07,0.0,0.25756706859275097,1.2757414676418442e-06,0.5162615613522927,0.05,General
83,0.000541514500471882,2.3222379658897149e-10,0.0,0.0,0.0,0.0,3.244575709396443e-08,0.0,0.4344187550724172,1.9171249483027547e-07,0.4410326821534853,0.05,General
84,0.0004974822441769157,6.757969356854054e-13,0.0,0.0,0.0,0.0,1.9722476327844854e-10,0.0,0.26614459590954576,4.269797818484825e-09,0.12522055497980175,0.05,General
85,0.00045387698749711417,0.0,0.0,0.0,0.0,0.0,0.0,0.0,0.0,0.0,0.0,0.05,General
86,0.0004109928834255563,0.0,0.0,0.0,0.0,0.0,0.0,0.0,0.0,0.0,0.0,0.05,General
87,0.00036913398519887843,0.0,0.0,0.0,0.0,0.0,0.0,0.0,0.0,0.0,0.0,0.05,General
88,0.00032860822957305196,0.0,0.0,0.0,0.0,0.0,0.0,0.0,0.0,0.0,0.0,0.05,General
89,0.0002897200926673912,0.0,0.0,0.0,0.0,0.0,0.0,0.0,0.0,0.0,0.0,0.05,General
90,0.0002527622321106178,0.0,0.0,0.0,0.0,0.0,0.0,0.0,0.0,0.0,0.0,0.05,General
91,0.00021800640786755337,0.0,0.0,0.0,0.0,0.0,0.0,0.0,0.0,0.0,0.0,0.05,General
92,0.00018569399921260994,0.0,0.0,0.0,0.0,0.0,0.0,0.0,0.0,0.0,0.0,0.05,General
93,0.00015602657684058032,0.0,0.0,0.0,0.0,0.0,0.0,0.0,0.0,0.0,0.0,0.05,General
94,0.00012915709435222086,0.0,0.0,0.0,0.0,0.0,0.0,0.0,0.0,0.0,0.0,0.05,General
95,0.00010518232887328945,0.0,0.0,0.0,0.0,0.0,0.0,0.0,0.0,0.0,0.0,0.05,General
96,8.413725065153288e-05,0.0,0.0,0.0,0.0,0.0,0.0,0.0,0.0,0.0,0.0,0.05,General
97,6.59919753723393e-05,0.0,0.0,0.0,0.0,0.0,0.0,0.0,0.0,0.0,0.0,0.05,General
98,5.0651844750895205e-05,0.0,0.0,0.0,0.0,0.0,0.0,0.0,0.0,0.0,0.0,0.05,General
99,3.796099747308655e-05,0.0,0.0,0.0,0.0,0.0,0.0,0.0,0.0,0.0,0.0,0.05,General
100,2.5736828892267496e-05,0.0,0.0,0.0,0.0,0.0,0.0,0.0,0.0,0.0,0.0,0.05,General
23,0.0008779936938120579,0.000589783339402421,8.353042131572755e-05,0.14088288128420687,0.26128746031892663,0.02391074748103288,0.07288061880692981,0.02283118264622534,0.10748045278946287,0.04568020143731482,0.4641791869271255,0.1,General
24,0.0007582581878490823,0.0006944138283810256,9.724183563673094e-05,0.1387158295970573,0.24282123346317397,0.030674414485931643,0.0741986609628507,0.01924708883821932,0.08414589354371503,0.03856873952546506,0.49835303597379527,0.1,General
25,0.0006804296658443954,0.0007818542942673338,8.612894948762757e-05,0.1376971056930756,0.25952383264754314,0.027751312706023795,0.08118384317027813,0.017940546857098137,0.07312235511381598,0.035340745103211675,0.5249931373925304,0.1,General
26,0.0006018424112781944,0.0008523883300351412,9.25657322556742e-05,0.12644795061342665,0.25467068513871255,0.03703559956210399,0.08287643037378194,0.016841640599045728,0.062398644461629654,0.03311287422800199,0.5484368440135986,0.1,General
27,0.0005356264466141585,0.0009161095114566441,9.331983032480685e-05,0.1291256450919801,0.2488776325803834,0.036862313925786185,0.08303344590570254,0.016436208159149552,0.05256746634429386,0.031154605142819064,0.5690185430914572,0.1,General
28,0.0004885636919144551,0.0009697942002768642,8.482356412082301e-05,0.12308699395181481,0.26303512208931734,0.03780596852796023,0.08882579973404174,0.015453723035019845,0.047452734626432645,0.029633992762586648,0.589167873862954,0.1,General
29,0.00042425012275065874,0.0010231695442460555,9.374372673560819e-05,0.11797789055872347,0.25544407760628,0.04444507500769975,0.09098441526084516,0.015265372075938345,0.04165526010264221,0.028709653242855616,0.6064069164704445,0.1,General
30,0.0003843920451857038,0.001066578974688651,8.8019764823444e-05,0.11835942721507159,0.2552231638409767,0.043513479380746435,0.09143623269887396,0.014647142466360395,0.03656415740790277,0.027329658824089664,0.6246054775688076,0.1,General
31,0.00035924251375081957,0.0010949376761522965,8.247184282393027e-05,0.11858865943426007,0.2555373673153966,0.04232115452972574,0.09095809402704469,0.013910459378298212,0.033309572714989646,0.025915247786224463,0.6456868860646648,0.1,General
32,0.000320904015299709,0.0011270651104214717,8.616558437744396e-05,0.10565432144403684,0.2593363152483425,0.05131264775703692,0.09375764393086951,0.013589770422107078,0.02983345733813796,0.02541697037612596,0.6625120812379416,0.1,General
33,0.00029124000737536563,0.00115813084524174,8.205465158274014e-05,0.1066687927803851,0.25936025377506083,0.04920087714765494,0.09529800690741978,0.013255505513274807,0.02728133182547494,0.024552550563011658,0.6777337461633962,0.1,General
34,0.0002749469914198044,0.001177140190918069,7.642297951582333e-05,0.10755871273201512,0.2602706900667651,0.047165670701271194,0.09474288353469562,0.012499942634885096,0.02526850992789166,0.023613307785476437,0.6954257142152745,0.1,General
35,0.0002623016860196725,0.001191294551516508,7.177719384526617e-05,0.10623428384459373,0.2608659315793514,0.04783678460963611,0.0945570688881502,0.011835971680754126,0.023650372796702044,0.02272628852009489,0.7124937837043027,0.1,General
36,0.00024176387015131755,0.0012037145236627645,7.65206096686381e-05,0.09678443198519848,0.25036345169623936,0.051428183905096514,0.09325697225325554,0.01163873294759129,0.021867577401108604,0.021985101084759377,0.7279114126616859,0.1,General
37,0.00022876016522812217,0.0012156508310285947,7.395845203361232e-05,0.09535300114025054,0.24878215088775624,0.049416467727558366,0.09244871872294451,0.011432581160682959,0.02034374070109431,0.02131136310349789,0.7413740767409492,0.1,General
38,0.0002220303584209133,0.0012233145633427224,6.912123010438885e-05,0.09650397201771699,0.25684857002789707,0.04707732175101478,0.09143972118103032,0.011028078584951008,0.019384626702495068,0.020758977333075267,0.7546168389203284,0.1,General
39,0.00021792603200873942,0.0012272379792278136,6.510524009438164e-05,0.09769454851351252,0.25850922205126003,0.04522065444774865,0.09035234722925939,0.010638589628964239,0.018770415278649023,0.020181058939324804,0.7673260390515115,0.1,General
40,0.00021618962111109334,0.0012277485906911497,6.181935757764929e-05,0.09860695157009115,0.2591087189326872,0.04354211528903665,0.08856330935413663,0.010171458587511945,0.018275902994373306,0.01965664642305407,0.7792931233753556,0.1,General
41,0.00021540295209096784,0.001225534132638448,5.9971463575000265e-05,0.09709709082858488,0.25749746210114527,0.04328187176611859,0.08610311294483514,0.009821023370939817,0.017866422387149392,0.019144275934231934,0.790221199809353,0.1,General
42,0.00021348231249479065,0.0012213278504746084,6.0888020781017854e-05,0.09306437976035535,0.25205866885855194,0.042804399700128226,0.08289769566127807,0.009640025488139064,0.01747683856314045,0.018683935038627454,0.799876466402823,0.1,General
43,0.00021611558761326608,0.001214689789271408,5.929558293825649e-05,0.09346600476924055,0.25023696502811943,0.04091684629570764,0.080042269254985,0.00946059065020648,0.01722136804379366,0.01823189890342772,0.8084571499401831,0.1,General
44,0.00022022909604671505,0.0012060059533108185,5.785473757872174e-05,0.09430776391182356,0.24877989789855737,0.03874636432349633,0.07738866136240337,0.00928714022067306,0.01710613852382777,0.017832398469897866,0.8158038810064672,0.1,General
45,0.00022648906759010058,0.00119490129763696,5.624557832130558e-05,0.09540200096476271,0.24759851153788368,0.03650253027186356,0.07436590049611393,0.009096347937905272,0.017136750437941998,0.017444666478718434,0.8221340726317655,0.1,General
46,0.00023470859499254365,0.0011812883528957297,5.471207300786838e-05,0.09610229870907643,0.24616735679874005,0.034414428232096485,0.07128356630581179,0.008924813903105887,0.017286645600225376,0.017075069121924198,0.8274222443662382,0.1,General
47,0.0002448019172293176,0.0011652159406810713,5.3259017061246356e-05,0.09726223153016195,0.24477330163376318,0.03260579825578457,0.06827588137876939,0.00877200831280881,0.017562927987600126,0.01673648592566503,0.8316124209024737,0.1,General
48,0.0002560527070080407,0.001147005148898453,5.2247730733520436e-05,0.098754060275302,0.24263443859463066,0.03026813182634966,0.0654224732831822,0.008679732020016599,0.017915305897357237,0.01643108236055403,0.8345851247669374,0.1,General
49,0.0002699372038525358,0.0011263341894603982,5.048804013396821e-05,0.09977355458706272,0.24177340779497,0.028269641104133297,0.06234800522201906,0.008458329831371585,0.018448273095941464,0.01615377493352905,0.8364862339173597,0.1,General
50,0.00028561766248552694,0.001102602445975842,4.938076580405477e-05,0.1013030834183893,0.23969564375068222,0.026407755312262953,0.05904627693223482,0.008386599273145532,0.019007178290052777,0.015869918437457296,0.8375552469890207,0.1,General
51,0.00030314015281765293,0.0010762240989022809,4.8426297188086735e-05,0.1028521181096241,0.23766177546347247,0.02465325064008964,0.05619708700029635,0.008304322230987937,0.01979318518861591,0.01561660952774826,0.8376206465809304,0.1,General
52,0.00032346752164667364,0.001046470404747218,4.7349371310513956e-05,0.10517301547299085,0.23517180713746166,0.022874627930740365,0.05300229205599157,0.008260627086377028,0.020587264670380002,0.015365637366126209,0.8368970613223773,0.1,General
53,0.00034635793626308517,0.0010138455904191677,4.5844678377007986e-05,0.10687042465914083,0.23299405726077063,0.02111402023958231,0.05009892379793829,0.00810409672964674,0.02171709958912357,0.01514500195716282,0.8352284529384977,0.1,General
54,0.0003712011541230637,0.0009776482672626317,4.517925325939117e-05,0.1089607030926622,0.22795770636080567,0.019650724518248258,0.047442920232873366,0.008033335600550308,0.022993524231689502,0.01489198804435835,0.8329468248530386,0.1,General
55,0.0003995936886510443,0.0009380112843841054,4.3577555684936284e-05,0.11294573379955097,0.22609613088673722,0.018296664780658875,0.04480724943707195,0.007864434994065786,0.024643045249984997,0.014701335554790551,0.8299612320169311,0.1,General
56,0.0004315276259600066,0.0008947846878634863,4.114984067006336e-05,0.12044808347465812,0.2261165452169658,0.016655045326243255,0.042505162848321065,0.007749741048261583,0.02642368147061243,0.014568772933240555,0.8264549830165743,0.1,General
57,0.0004638602824303989,0.000849034641367901,3.992376960848711e-05,0.12229797711383665,0.2237213826824012,0.015493337035372394,0.04004121193021232,0.007763961747041192,0.028327197998357825,0.014484952243423421,0.8217367806881254,0.1,General
58,0.000498152577665068,0.000800534205069528,3.8515493757557274e-05,0.12614925993948364,0.2211683497597442,0.014185445933631259,0.03757276098861137,0.0077361635228084084,0.030526139611108477,0.014395399738516597,0.8161009889448905,0.1,General
59,0.0005349301021779902,0.000748499718030051,3.713250163441875e-05,0.12987773706712105,0.2169447239309852,0.01320419121351755,0.03535012842836872,0.007699211102915559,0.03329479756778484,0.014286401770126212,0.8104050207209288,0.1,General
60,0.0005737521692240729,0.0006937936850395215,3.530204429547495e-05,0.13647947084445328,0.21339752444449775,0.012039778813358234,0.03337277610676682,0.007518330807733266,0.03633384871485525,0.014238874499244285,0.8041001192505322,0.1,General
61,0.0006135390415337215,0.0006378735636919393,3.2595562788103015e-05,0.14128321801049895,0.21299221634947688,0.010931429364934374,0.03147833689576851,0.007532822308171559,0.03992070533987336,0.014314452723068596,0.7965761659334873,0.1,General
62,0.0006535514380605328,0.0005795512135199622,3.089024906631909e-05,0.14682012329842584,0.2092132326244995,0.009991716033129875,0.029378270106429804,0.007487564047690596,0.04391818619309709,0.014354928425695085,0.7891056537249858,0.1,General
63,0.0006937254140391848,0.000520412190595725,2.861548511820805e-05,0.15449342419205195,0.20530896791330863,0.008982046658971923,0.027576400293657845,0.007400589743229048,0.048741720963737634,0.014508856281248027,0.7810723232271792,0.1,General
64,0.0007331547713731573,0.0004611477735068051,2.593911552077319e-05,0.16116294082699223,0.20308654849245578,0.00803517675902538,0.025850634497978697,0.007355224068634082,0.05432899386761211,0.014739707976423863,0.7723394994195173,0.1,General
65,0.0007702737405876392,0.00040228596717319386,2.3854589303186357e-05,0.16541562744565805,0.19908538370835605,0.00727690293982142,0.023999479542785914,0.0073710955926110594,0.06077192642444806,0.015037367055206955,0.7633337847704352,0.1,General
66,0.0008054168867279735,0.00034508692240889767,2.0726566443033396e-05,0.1770505412594571,0.1952608766392914,0.0062375369673270354,0.022408820833401066,0.007253685307599285,0.06863904088204838,0.015416444195578909,0.7535580836241208,0.1,General
67,0.0008357706805292795,0.0002902946816920964,1.8588658829209506e-05,0.1818516519603582,0.19071341921477195,0.005546077879402493,0.020731552683118406,0.007252222165044612,0.077932470448776,0.015968628588690432,0.7433426347209586,0.1,General
68,0.0008623769749075598,0.00023879812287617424,1.5480192827576556e-05,0.19376951044957694,0.18629713594161315,0.004621165500684691,0.019037247908330984,0.007132167520981245,0.08905213901124474,0.016569758925615855,0.7325933767725984,0.1,General
69,0.0008823000996644862,0.0001917641860525514,1.3147201709870045e-05,0.20029541269834453,0.18086502709380506,0.0039067285687276,0.01743463635612353,0.007006351221084911,0.10283787396207757,0.017456689227673353,0.7206408155321004,0.1,General
70,0.0008965148313581896,0.0001493212873280485,1.0472478858485041e-05,0.20887330319917674,0.17357449700651598,0.0031754862603404215,0.015675237224585643,0.0068278408079801844,0.11937835995437567,0.01839098930451617,0.7087143347722646,0.1,General
71,0.0009032940458733258,0.00011267654704916106,7.9722534837345e-06,0.22193018341137186,0.16667355402429399,0.0024201579223540166,0.014054959618800997,0.006419769703990707,0.14074204068062038,0.01961476106103022,0.6950662355661367,0.1,General
72,0.000902515956091329,8.178042751644726e-05,5.825969832559405e-06,0.23396825763578685,0.15782090671401003,0.0017887230018918375,0.012290192020463277,0.005812056217197874,0.16708729939937453,0.020978213248593076,0.6805281239211679,0.1,General
73,0.0008942822803902423,5.689168849326361e-05,3.6949100452946136e-06,0.24613986620205008,0.14634331967009484,0.0011871432890287682,0.010635900359814364,0.004658185296040112,0.20220452478260117,0.02244462557346299,0.6639725430825547,0.1,General
74,0.0008786999061250921,3.759900947359391e-05,1.920711516853497e-06,0.28663284412617435,0.13242059083259927,0.0006569921992391636,0.008835161964353154,0.0025341079487528157,0.24498969400670081,0.02398960848705862,0.6454263725081644,0.1,General
75,0.0008561322951583481,2.3592611444944986e-05,5.041612223992141e-07,0.36089395715407174,0.105592545469347,0.00018949576930139022,0.007105095658544204,0.00040775918049154326,0.30006205514196227,0.026138740639803388,0.622569709916275,0.1,General
76,0.0008270388774796021,1.3931851439572043e-05,0.0,0.0,0.0,0.0,0.005364884272913892,0.0,0.3641747622441773,0.02880158166555839,0.5941080030788285,0.1,General
77,0.0007928721321912609,7.666750928111636e-06,0.0,0.0,0.0,0.0,0.0036942649908924055,0.0,0.4353052775219119,0.03145340965265176,0.5588211268075391,0.1,General
78,0.0007552422514393205,3.8078333925265565e-06,0.0,0.0,0.0,0.0,0.0022486685540640395,0.0,0.509528950060091,0.033295626306225644,0.5179871194311446,0.1,General
79,0.000715096214519522,1.5482162100678594e-06,0.0,0.0,0.0,0.0,0.0010613203037639215,0.0,0.5735778577552207,0.032629345565237416,0.47667498445365447,0.1,General
80,0.0006730721910101064,4.14261135864683e-07,0.0,0.0,0.0,0.0,0.00029267886029421227,0.0,0.632157636641513,0.020556843282905347,0.44289011808324585,0.1,General
81,0.0006297433928382973,2.2141544671016818e-08,0.0,0.0,0.0,0.0,1.7710995523822187e-06,0.0,0.20336811777357333,3.7797691731376226e-06,0.554571331268088,0.1,General
82,0.0005856933291847288,2.3825826610872984e-09,0.0,0.0,0.0,0.0,2.756615882316219e-07,0.0,0.2807049279991384,8.876601912832827e-07,0.5024651550664246,0.1,General
83,0.0005415146360269406,9.666873785967215e-11,0.0,0.0,0.0,0.0,1.842326333096419e-08,0.0,0.4878138273858725,1.2723033252762743e-07,0.4327455888494869,0.1,General
84,0.0004974822446924216,1.6029080670723699e-13,0.0,0.0,0.0,0.0,5.954574802679744e-11,0.0,0.22679719436423618,8.55263771290253e-10,0.0931723648401105,0.1,General
85,0.0004538769874971144,0.0,0.0,0.0,0.0,0.0,0.0,0.0,0.0,0.0,0.0,0.1,General
86,0.0004109928834255565,0.0,0.0,0.0,0.0,0.0,0.0,0.0,0.0,0.0,0.0,0.1,General
87,0.00036913398519887886,0.0,0.0,0.0,0.0,0.0,0.0,0.0,0.0,0.0,0.0,0.1,General
88,0.0003286082295730521,0.0,0.0,0.0,0.0,0.0,0.0,0.0,0.0,0.0,0.0,0.1,General
89,0.00028972009266739094,0.0,0.0,0.0,0.0,0.0,0.0,0.0,0.0,0.0,0.0,0.1,General
90,0.00025276223211061753,0.0,0.0,0.0,0.0,0.0,0.0,0.0,0.0,0.0,0.0,0.1,General
91,0.000218006407867553,0.0,0.0,0.0,0.0,0.0,0.0,0.0,0.0,0.0,0.0,0.1,General
92,0.00018569399921260934,0.0,0.0,0.0,0.0,0.0,0.0,0.0,0.0,0.0,0.0,0.1,General
93,0.00015602657684057972,0.0,0.0,0.0,0.0,0.0,0.0,0.0,0.0,0.0,0.0,0.1,General
94,0.00012915709435222037,0.0,0.0,0.0,0.0,0.0,0.0,0.0,0.0,0.0,0.0,0.1,General
95,0.00010518232887328899,0.0,0.0,0.0,0.0,0.0,0.0,0.0,0.0,0.0,0.0,0.1,General
96,8.413725065153242e-05,0.0,0.0,0.0,0.0,0.0,0.0,0.0,0.0,0.0,0.0,0.1,General
97,6.599197537233894e-05,0.0,0.0,0.0,0.0,0.0,0.0,0.0,0.0,0.0,0.0,0.1,General
98,5.0651844750894906e-05,0.0,0.0,0.0,0.0,0.0,0.0,0.0,0.0,0.0,0.0,0.1,General
99,3.796099747308629e-05,0.0,0.0,0.0,0.0,0.0,0.0,0.0,0.0,0.0,0.0,0.1,General
100,2.5736828892267306e-05,0.0,0.0,0.0,0.0,0.0,0.0,0.0,0.0,0.0,0.0,0.1,General
23,0.0010100692198833233,0.00047925518636294894,6.198304828393435e-05,0.1530532826046008,0.2595107729158534,0.017633902481871775,0.0636779515453963,0.018241172494540665,0.13142275147429008,0.044074702045233095,0.4616904949966556,0.15,General
24,0.0008925551015457364,0.0005849744167589632,7.238433356213885e-05,0.15243632418553862,0.24730850767908863,0.02138562947563218,0.06954301904294176,0.015775859606273198,0.10734396344291385,0.03781477427568385,0.48853705031232914,0.15,General
25,0.000819232016774576,0.0006648178818413905,6.436301098338973e-05,0.15089878912731836,0.26304019496683906,0.019286440555897084,0.07278656777849522,0.015237744935304803,0.09115132144450294,0.03464497498162957,0.5132568794492106,0.15,General
26,0.0007326469037627018,0.0007376603270875543,7.648924271875345e-05,0.13811949792109268,0.24946067543159986,0.02823687252066341,0.07353554877899776,0.014177389637748871,0.07675657419364709,0.03254082528180626,0.5325394896676289,0.15,General
27,0.0006678789718767363,0.0008021682853817546,7.500853113711835e-05,0.14168794144156316,0.2545854263999464,0.026455882526578572,0.0763701587514405,0.014321649157540752,0.06626020094068541,0.03048714131827658,0.5509841691165799,0.15,General
28,0.0006101592588759406,0.0008616703243637699,7.135187307243118e-05,0.13446543671142808,0.263045255573272,0.02852917555817763,0.08176060317435212,0.013663282394940234,0.060372095041537906,0.029225569422235864,0.5680534249918731,0.15,General
29,0.0005423788829489123,0.0009187761919651241,8.000831881828565e-05,0.13081693095397096,0.25248077559529764,0.03376008718511483,0.08185163008643935,0.013325120399098514,0.05235514224647551,0.028140631661695916,0.5831806682820367,0.15,General
30,0.0004981431749571158,0.0009636690222249917,7.717858751569077e-05,0.13233695400092205,0.2509723500553467,0.03323802629292639,0.08218695364323331,0.01323508786322985,0.045923472402524985,0.026586569409137853,0.6003701905882082,0.15,General
31,0.00046378775016153685,0.0010016237763772991,7.124050618820993e-05,0.12712136004174562,0.263605576084444,0.033638012894373084,0.08470713080813431,0.012542609722824954,0.041792323365262896,0.0254962568247004,0.6176258958872408,0.15,General
32,0.00041261092758258664,0.0010435401010748726,7.798368144116497e-05,0.1215697078498199,0.2568476181793564,0.039353834175598505,0.08748295461905704,0.01251398852831512,0.038033055777341666,0.024969977898301146,0.6313383641532516,0.15,General
33,0.00037976309829320347,0.0010772478830626145,7.44145228440276e-05,0.12207973055670741,0.2561966170811872,0.038975369190217525,0.08778847950138481,0.012145027557032216,0.03432059375490428,0.023931580371893548,0.6459925480202212,0.15,General
34,0.00035877631688266,0.00109928028332457,7.04535616464669e-05,0.12250427342475619,0.2562541090739214,0.037829470117388186,0.08707966289367997,0.011653374952861582,0.03168863035911645,0.022908367641316957,0.6628647606138808,0.15,General
35,0.00034342204148710907,0.0011142910303170719,6.766035957726545e-05,0.11976672336358564,0.25558253840001094,0.03894035600518828,0.08642018376298653,0.01117718150386892,0.02970801484645792,0.022006044282861664,0.679873245295627,0.15,General
36,0.000315507023292911,0.0011340034303703895,7.248854981941934e-05,0.11043902832350531,0.2513649207532008,0.042269931087560546,0.08668804946489002,0.011040540285196633,0.027294171312958238,0.021549295131539272,0.6923523951251291,0.15,General
37,0.00029847815412604794,0.0011515296711614152,6.836162300286561e-05,0.1109702565003285,0.25570105952602523,0.04117982578609536,0.08538956365314448,0.01091304491073125,0.025344102635110263,0.020956908701439375,0.7039381381224424,0.15,General
38,0.00028848152796569134,0.0011610293870579992,6.495523684433366e-05,0.11151693758393688,0.25642350774784933,0.03956888254130956,0.08557305756771383,0.010550652618416827,0.02431023557422891,0.0202723812869308,0.7167701582256009,0.15,General
39,0.0002822030696681855,0.0011663068352611415,6.175934640160742e-05,0.11255963125949137,0.25654592823041633,0.038089915326269104,0.08432188708451753,0.010102539758587508,0.023410281223792517,0.019688616693408236,0.7290577980169693,0.15,General
40,0.0002785340511099058,0.0011683283094164746,5.889520885351137e-05,0.11339521665333435,0.2565471332573707,0.03682451267250017,0.08284490762509444,0.009687367825906963,0.0226961764611224,0.01913002060041252,0.7403764019632667,0.15,General
41,0.00027542243372036317,0.0011682438809303972,5.724223365365558e-05,0.11117719298397655,0.2548965268650257,0.03713986470231897,0.08105597766822609,0.009380019214231537,0.022024506817264627,0.01861184101355019,0.7503141014473353,0.15,General
42,0.00027078288299624547,0.0011653365684476447,5.9578732306526235e-05,0.10575420131249758,0.24753102183424244,0.037513477959569885,0.07764570625115921,0.009266839311483576,0.0214444579119283,0.018117167337734528,0.7593237506607622,0.15,General
43,0.00027247879549245803,0.0011594743337109005,5.814783061957173e-05,0.10568022813530419,0.24566417410370853,0.03589381918625,0.07518657582430957,0.009074198680800937,0.021138996384521474,0.01765843177061446,0.7674984047198533,0.15,General
44,0.0002766234094695739,0.0011507491675016878,5.67172099649934e-05,0.10614148398633205,0.2442174111886897,0.034164896069263796,0.07244791275778718,0.008968658200868519,0.020867053238740756,0.017254417594428643,0.7747734482805341,0.15,General
45,0.0002834348426264752,0.0011389016082867826,5.5299492635108e-05,0.10674287842775321,0.2424154198506061,0.0324082954446813,0.0697654250850241,0.008851226132280914,0.020871742643484542,0.01684816757180314,0.7812284108975674,0.15,General
46,0.00029226094076338025,0.0011246787580489802,5.376932208378077e-05,0.10780871821695537,0.24105106525385642,0.030329281485415773,0.06712268943703292,0.008664001852878384,0.021045300303453116,0.016508367281300004,0.7865312899431479,0.15,General
47,0.0003029365707535474,0.001107990961042779,5.234934317530849e-05,0.10858417010559791,0.23971248782621846,0.02859952428230668,0.06430448305502033,0.008522446812030357,0.021294480556126896,0.016200566487977287,0.7906933547444218,0.15,General
48,0.0003160504652018698,0.0010885851266723247,5.066999476581946e-05,0.11043362250026593,0.238852381233714,0.02695186939787853,0.061357556909979655,0.00837261847276561,0.021716998216953647,0.01590890441385164,0.7938997974772647,0.15,General
49,0.00033142846567511364,0.0010659772658685055,4.9353701903282865e-05,0.11221149242695162,0.23714789833753644,0.025183136619223497,0.05831481411338665,0.008263520185361306,0.022224648402820967,0.015632218265319475,0.7963306241383407,0.15,General
50,0.0003498005981540646,0.0010400634934299954,4.773678268136355e-05,0.11359471790121069,0.23586062397877036,0.023266342471920425,0.05560086971462421,0.008099495052372629,0.023096727430151353,0.015384756443866004,0.798043124062656,0.15,General
51,0.00037066807309102146,0.0010108095520850742,4.63129237319247e-05,0.11482701071499707,0.2341137299833207,0.02162872925046366,0.05267576332441839,0.007996158399636218,0.024021862888764737,0.015147165406102482,0.7990315485426663,0.15,General
52,0.00039337402437097463,0.000978668557658637,4.524471567479351e-05,0.11665874180299872,0.2319724785084524,0.020214222210677906,0.049785402989454226,0.007950977401096836,0.02503457817861902,0.014950488920136992,0.7990156972381568,0.15,General
53,0.0004189546290404413,0.0009432639915336332,4.382958448518611e-05,0.11923718565171848,0.23008575526792266,0.018675903016580998,0.04701177573416818,0.00781776769212895,0.026306920144708576,0.014738548642913648,0.7982011747352282,0.15,General
54,0.0004469136936915877,0.0009048934160792102,4.2221564874288574e-05,0.12251028559458867,0.2277810197109923,0.01723737224326766,0.044498221434459584,0.007678236372575447,0.027914532651053908,0.014573918372503263,0.7965557809395755,0.15,General
55,0.00047922308472157495,0.000861894156453394,4.006528754511667e-05,0.12984752837148053,0.22465372014513932,0.01566672509823085,0.042110904352032595,0.007555380954077119,0.029901374061092487,0.014352258263449977,0.7951440640387566,0.15,General
56,0.000512862481353074,0.0008161688810560479,3.843079208443374e-05,0.13165761754548436,0.22274574449121717,0.014565593338991397,0.03990349354868663,0.007485325508782139,0.03190597868486331,0.014257433064100905,0.7927159788106494,0.15,General
57,0.0005469070352680951,0.0007688485398001588,3.706311833853258e-05,0.13479772775450521,0.22029357810887987,0.013401753898038132,0.03755297490728318,0.007473688550974358,0.03423767989271188,0.014223354033467367,0.7887348139884925,0.15,General
58,0.0005833044790563669,0.000718465591549819,3.543220588596678e-05,0.13787336459503186,0.21793072838943428,0.012326116338088224,0.03523638234860927,0.007451555523549296,0.03693539162987963,0.014199997193889447,0.7845188504258765,0.15,General
59,0.000621628210495983,0.0006652241968042738,3.370991454220288e-05,0.14357875956328,0.2149418797857345,0.011376467356965389,0.033067569718383004,0.007306769649367817,0.040243963860069225,0.014149052968098418,0.780151811448238,0.15,General
60,0.0006618806050593977,0.0006100587240753227,3.0908569424348334e-05,0.1513165558042793,0.21246793951029694,0.010097067112827424,0.031285285269194045,0.0071916673050277284,0.04394885861649858,0.014218616519292246,0.7752877564000157,0.15,General
61,0.0007008650112151518,0.0005541009259369822,2.9042230861629087e-05,0.15491440867384537,0.20986908190899048,0.00923089780216497,0.02939416084362947,0.007220699143404472,0.04822929283898792,0.01438488626403719,0.7694121098092553,0.15,General
62,0.0007396685875052401,0.0004971637201081108,2.7160593033462805e-05,0.15971196381345512,0.2062907713988992,0.00845345409887508,0.027442461044892053,0.007164525843690007,0.05324585819028349,0.014531357099841477,0.7633025689811035,0.15,General
63,0.0007783388606382585,0.0004400964250519653,2.4317804062893637e-05,0.16969544794202682,0.20403260048632302,0.007381242469489928,0.025706421431108933,0.007086108508432437,0.05886713570489003,0.014799003131628864,0.7567785941521525,0.15,General
64,0.0008138260065895042,0.00038429092417670285,2.212472963452781e-05,0.17262182714892016,0.19965395557863844,0.006655790174425322,0.02404693797555257,0.0070724458840348454,0.06583147778791099,0.015152333891129043,0.7492942000128803,0.15,General
65,0.0008468444524563542,0.0003298514457670959,1.9718398840568997e-05,0.18280603395560244,0.1966058264661736,0.005798292935833123,0.022317122568719955,0.006983973928388079,0.07386012483155625,0.015595188141034682,0.7416237475355923,0.15,General
66,0.0008761664139792636,0.0002780659501193399,1.699801148130063e-05,0.18822653612546655,0.19177352659782684,0.005032956878762272,0.020691488320719646,0.006976983547250722,0.08328981039625731,0.01614589688982934,0.7331784719534212,0.15,General
67,0.0009001082384768981,0.00022979661341719927,1.4749169156487634e-05,0.19731527340823993,0.18702931629185238,0.004300832723973824,0.01910425298161298,0.0068344948685537775,0.09497903414188741,0.01690057948213381,0.7237059956951511,0.15,General
68,0.000919428634548664,0.00018524000668052737,1.1986649382118408e-05,0.20505780190162373,0.18167439388669296,0.0035503392570449704,0.017424424357080873,0.0066999942709710485,0.10859486580350747,0.017651720695149777,0.71410893386322,0.15,General
69,0.0009316677416924222,0.00014579051184908867,9.753233885396027e-06,0.21517011402701766,0.1755326754595963,0.0028742081454909718,0.0158447615670893,0.006403278354240759,0.12573211313717783,0.018795352765942932,0.702744596159201,0.15,General
70,0.000937583344325179,0.00011122330262512775,7.501950594415514e-06,0.22335582759879716,0.16696331451547766,0.0022578250538176103,0.01424088903611565,0.005996832330464647,0.146968334396939,0.01994119368180841,0.6910359463486163,0.15,General
71,0.0009366300800743733,8.199609309588445e-05,5.316673235962803e-06,0.2374861278788569,0.15848047082681496,0.0016210303549765764,0.012553275799251902,0.0053728654423164145,0.17303138329172643,0.021316292390221227,0.6781569069137675,0.15,General
72,0.0009283558649983552,5.829033885857444e-05,3.476149583405024e-06,0.25885555421136625,0.1463229020883179,0.0010771638541506956,0.010950763103201014,0.00411270187299789,0.2075448253637451,0.02277120958813929,0.6632131586722126,0.15,General
73,0.0009134564371885747,3.9645712183553624e-05,1.7667295566716478e-06,0.303225838052327,0.13357989419637123,0.0005980488751694215,0.009264445614502455,0.0019934785047228103,0.24891749615847206,0.024400701656913534,0.6462161029670003,0.15,General
74,0.0008920638813963655,2.5750836900403795e-05,4.04908818769509e-07,0.32851763639629744,0.09577411852107764,0.0001619295621276111,0.007558976859039339,0.0002277500562831541,0.29985167360051557,0.02643333397132752,0.6259784233489669,0.15,General
75,0.0008642088839245686,1.602018390112293e-05,0.0,0.0,0.0,0.0,0.005942515304162183,0.0,0.3616980439685012,0.029164916477592118,0.5997449013072719,0.15,General
76,0.0008315647910307707,9.405937888402635e-06,0.0,0.0,0.0,0.0,0.004332260114333679,0.0,0.4276156323844358,0.03194829002742001,0.5683563916949139,0.15,General
77,0.0007954073414511267,5.1315416682446645e-06,0.0,0.0,0.0,0.0,0.002860532803196153,0.0,0.49742342755472785,0.03427830657904634,0.5320210037982325,0.15,General
78,0.0007566016612862341,2.4484235456118524e-06,0.0,0.0,0.0,0.0,0.0015988345523010757,0.0,0.564666471487555,0.034240728752537364,0.49330471837836126,0.15,General
79,0.0007157551966792312,8.892340503577688e-07,0.0,0.0,0.0,0.0,0.0006332524207569703,0.0,0.6170285580199308,0.03002660315288083,0.4589629218336137,0.15,General
80,0.000673333347347879,1.5310479809102052e-07,0.0,0.0,0.0,0.0,9.44230161709348e-05,0.0,0.4248031972696391,0.007775480561025844,0.503571118906662,0.15,General
81,0.0006297552152611309,1.0319121836286596e-08,0.0,0.0,0.0,0.0,1.0807256459528297e-06,0.0,0.2202758485737428,2.576659236236814e-06,0.539112346784213,0.15,General
82,0.0005856946244255414,1.087341847678714e-09,0.0,0.0,0.0,0.0,1.6112516543637681e-07,0.0,0.3053615871075662,6.137378413535051e-07,0.4894765850492923,0.15,General
83,0.0005415146923636209,4.033205705418062e-11,0.0,0.0,0.0,0.0,9.595020909737566e-09,0.0,0.5513402921718712,8.050023716960105e-08,0.4257769314491971,0.15,General
84,0.0004974822448253985,2.7313444464606507e-14,0.0,0.0,0.0,0.0,0.0,0.0,0.08274260397733314,0.0,0.030934633934606107,0.15,General
85,0.0004538769874971136,0.0,0.0,0.0,0.0,0.0,0.0,0.0,0.0,0.0,0.0,0.15,General
86,0.00041099288342555585,0.0,0.0,0.0,0.0,0.0,0.0,0.0,0.0,0.0,0.0,0.15,General
87,0.00036913398519887816,0.0,0.0,0.0,0.0,0.0,0.0,0.0,0.0,0.0,0.0,0.15,General
88,0.00032860822957305174,0.0,0.0,0.0,0.0,0.0,0.0,0.0,0.0,0.0,0.0,0.15,General
89,0.0002897200926673908,0.0,0.0,0.0,0.0,0.0,0.0,0.0,0.0,0.0,0.0,0.15,General
90,0.00025276223211061736,0.0,0.0,0.0,0.0,0.0,0.0,0.0,0.0,0.0,0.0,0.15,General
91,0.00021800640786755277,0.0,0.0,0.0,0.0,0.0,0.0,0.0,0.0,0.0,0.0,0.15,General
92,0.00018569399921260902,0.0,0.0,0.0,0.0,0.0,0.0,0.0,0.0,0.0,0.0,0.15,General
93,0.0001560265768405794,0.0,0.0,0.0,0.0,0.0,0.0,0.0,0.0,0.0,0.0,0.15,General
94,0.00012915709435222013,0.0,0.0,0.0,0.0,0.0,0.0,0.0,0.0,0.0,0.0,0.15,General
95,0.00010518232887328891,0.0,0.0,0.0,0.0,0.0,0.0,0.0,0.0,0.0,0.0,0.15,General
96,8.413725065153236e-05,0.0,0.0,0.0,0.0,0.0,0.0,0.0,0.0,0.0,0.0,0.15,General
97,6.59919753723389e-05,0.0,0.0,0.0,0.0,0.0,0.0,0.0,0.0,0.0,0.0,0.15,General
98,5.065184475089485e-05,0.0,0.0,0.0,0.0,0.0,0.0,0.0,0.0,0.0,0.0,0.15,General
99,3.7960997473086254e-05,0.0,0.0,0.0,0.0,0.0,0.0,0.0,0.0,0.0,0.0,0.15,General
100,2.5736828892267282e-05,0.0,0.0,0.0,0.0,0.0,0.0,0.0,0.0,0.0,0.0,0.15,General
23,0.0011198203512346352,0.00038648972173471524,4.4997381560855756e-05,0.16725514367693298,0.2518026861071901,0.01339352967567012,0.05882530220913381,0.013258907499034439,0.16255822577472356,0.043012816761928564,0.4562045578068783,0.2,General
24,0.001015483247306561,0.0004828779276964777,5.155267686379994e-05,0.16765988342722127,0.25561333922434815,0.01435893147394137,0.06188016510489202,0.013936460381320681,0.13111523498461916,0.03739563362646413,0.47884036482898346,0.2,General
25,0.0009474510785080827,0.0005515756821905327,4.9386148900741005e-05,0.1586368181108341,0.26047487106669304,0.015595715163308982,0.06369145126348384,0.012389662107201965,0.10943214515484727,0.03402184598180422,0.5016077378602722,0.2,General
26,0.0008628653789783205,0.0006225933608584021,6.133773373228656e-05,0.15598562163270868,0.24534329969591798,0.019636714477506156,0.0647449246275089,0.012340181938249914,0.09238596936313763,0.03187988918143262,0.5177698913145855,0.2,General
27,0.0007981427091083696,0.0006895843407862478,5.732873850099127e-05,0.154491935449114,0.2615569457906644,0.0183496859171457,0.07099383183560633,0.012774321569193371,0.08358748031381201,0.030282244372515057,0.5328195304981049,0.2,General
28,0.0007316656396803646,0.000750503318551515,6.1012498080261915e-05,0.1440472809206869,0.25772809369001054,0.02295168034647733,0.07301650611971457,0.011690215276189108,0.07350951125366872,0.029042512423138947,0.5469999095302388,0.2,General
29,0.0006678944270092426,0.0008063453134770287,6.692365324605043e-05,0.14506113836997164,0.24783742196419886,0.025086108040668825,0.07233987987737643,0.011860680911409197,0.06346436050468361,0.027472361982695103,0.5613504058704336,0.2,General
30,0.0006212529018794923,0.0008540063574253037,6.37315253930021e-05,0.14456634552546302,0.2580023461590279,0.023844647132317983,0.07405875733380357,0.011967663936472634,0.056595693337745084,0.026157022288898903,0.5765738170735468,0.2,General
31,0.000572599177716064,0.0009009734672867066,6.307938772427467e-05,0.1363619654701759,0.2613714973220691,0.027360838501595968,0.07949670320335438,0.011470266308164723,0.05261506258482262,0.025297138903055346,0.5901173976717399,0.2,General
32,0.0005199987934224644,0.0009457550439294894,6.838087274667008e-05,0.13478446492102228,0.2532549244154556,0.030282210001297546,0.07911569070415335,0.011160553189148508,0.04711027030357443,0.02461202438195048,0.6026655644207636,0.2,General
33,0.00048395920423185463,0.0009812220197734916,6.624428019449896e-05,0.13586297801564573,0.25185460662141224,0.03005712987754279,0.07933272909022561,0.011129534849560344,0.04230743976394311,0.02338979702111148,0.6164797562452691,0.2,General
34,0.00045804657410413043,0.0010068766758798825,6.358691186968323e-05,0.13627842582151198,0.25151653989120487,0.02954193280708987,0.07886047150192237,0.010848974320514555,0.039019340290227404,0.02224297697730807,0.6318565108366186,0.2,General
35,0.0004319028647920584,0.001030971717513147,6.249884907624057e-05,0.12873800473087624,0.2598185771109126,0.031926977605858026,0.0798060902267442,0.01048033215688129,0.03623597273230501,0.021762175510362993,0.6453888512048284,0.2,General
36,0.0004002489331882784,0.0010562037034806766,6.554636681376442e-05,0.1253547066295855,0.25465512609053514,0.03422663545326799,0.07924294603544153,0.010509933358631665,0.03332328809686732,0.021221700535918857,0.6563989055393145,0.2,General
37,0.00037901317983776505,0.001076375944866675,6.298032358588859e-05,0.1259272171420067,0.2543517176645136,0.033415509216562896,0.08029510980288647,0.01023810362852603,0.03152106551247404,0.020504672840473706,0.6674044169796192,0.2,General
38,0.00036589205899500624,0.0010886226880352705,5.995140483774746e-05,0.12643674271757127,0.2542794710643017,0.03247217873621095,0.07945079202741866,0.009876087789384388,0.029923323116789375,0.019823654182954908,0.6794514460504097,0.2,General
39,0.0003574616835344109,0.0010953848478370465,5.7422719959477025e-05,0.12689949853674076,0.2537038916857816,0.03142853722253972,0.07812805215880224,0.009532100164972286,0.028707664023490082,0.01918975712816035,0.6913524537479913,0.2,General
40,0.0003527562014483938,0.001098006240446443,5.4995127485054805e-05,0.1273952141715492,0.25348451490293794,0.030452643818594735,0.07657082079494963,0.009158470976738343,0.02781919563048488,0.01861207397972082,0.7025322661511363,0.2,General
41,0.0003469702265143405,0.001097439686009679,5.649863578039679e-05,0.12038042331532106,0.24764003850434066,0.03245354872136176,0.07418887135913545,0.009009142303112538,0.02702877616734169,0.018109449009164214,0.7126849922393657,0.2,General
42,0.00034287844308605154,0.001094579303894625,5.8240436769739806e-05,0.11745664163165266,0.2414339678524877,0.0322895932697728,0.07162229654573868,0.008943036254305451,0.02641516144877344,0.017650247377722163,0.721575970664794,0.2,General
43,0.00034458231558451264,0.001088446741034987,5.707190320343071e-05,0.11760993769809021,0.2395367905596898,0.030917111349614713,0.06932484533187157,0.008840917013274783,0.025904583365578257,0.01721354164501514,0.729550355194462,0.2,General
44,0.000348361919933224,0.0010800296501459901,5.569821685704089e-05,0.11787085787453166,0.23807353704626077,0.029585847967256277,0.06724198115903336,0.008765701183668399,0.025580029577622992,0.016821210561768253,0.7362862183633397,0.2,General
45,0.00035428335601442356,0.0010691555807265877,5.419700680735462e-05,0.11857161526801417,0.23704223080403006,0.027972784631982023,0.06485574463936682,0.008630407568034322,0.025503191863298177,0.016478032591891054,0.7420109237180114,0.2,General
46,0.00036340844722221186,0.001054660530530907,5.264004314302261e-05,0.11978016546586524,0.23580551551849024,0.026466522823811258,0.06231537410210436,0.008505434216138584,0.02563363297267059,0.016134886419272798,0.7471702000438701,0.2,General
47,0.0003760871388898851,0.0010363030802827313,5.0886655799019154e-05,0.12085544228843166,0.23486532370573465,0.024948893080316947,0.05971000292984885,0.00832835726656816,0.026015944948485793,0.015803128819639172,0.7518433960557062,0.2,General
48,0.00039024743837903796,0.0010154974090172773,4.9560739243698624e-05,0.12151212258515733,0.23331214258385036,0.023326353379813345,0.05695841370663204,0.008215912012282237,0.02639323454624348,0.015555609632382032,0.7553302075704774,0.2,General
49,0.0004071176484672695,0.0009918924119096016,4.7749373070031044e-05,0.12291604687054647,0.2323044060905053,0.021842783273880145,0.05456644594008703,0.0080548684353546,0.027167262169197414,0.015309292388872991,0.7578685625018853,0.2,General
50,0.00042619455891633186,0.000965148524129004,4.625779122008788e-05,0.12438684892567324,0.23096232189750357,0.02038235904921935,0.05181792269173783,0.007912873869567572,0.02794322664784694,0.015090370186548525,0.7595702943621596,0.2,General
51,0.00044803203466240615,0.0009351053052664141,4.4653208979200014e-05,0.12649465105938143,0.22960812835056332,0.018973888684482812,0.04933074192719044,0.00779647887023258,0.029030304485215614,0.014881187790364495,0.7605905572127726,0.2,General
52,0.0004727571689459368,0.0009017077370379528,4.282239172051597e-05,0.1288430274468056,0.22828156648459694,0.01757211611912137,0.04668982414303804,0.007630413778750573,0.030314861817493686,0.014687245975288588,0.7609441256822601,0.2,General
53,0.0005001257639707127,0.0008646839760341889,4.1238465054359314e-05,0.1315416808527206,0.22654184708572964,0.016302954787876363,0.04394950035370409,0.007540466876167457,0.03182322449691629,0.014498217741072766,0.7608960258775493,0.2,General
54,0.0005312652096730852,0.0008235140827626955,3.9249382209306e-05,0.13549023537116361,0.22521320852874752,0.014896577498967606,0.04144585342760436,0.007386694880021579,0.03364037121901271,0.014348419838601446,0.760795668232125,0.2,General
55,0.0005658516329701402,0.0007791772074735678,3.6153688276377865e-05,0.1441905618003829,0.22530774047811,0.01329918610098224,0.03940187099815841,0.007262141999721884,0.035954976495587675,0.014188544378332446,0.7601135572472758,0.2,General
56,0.0006002676455082915,0.0007320277314884959,3.516677749676835e-05,0.14515988446673297,0.21955913283061243,0.012391007803487017,0.03724312696946829,0.007243319128998148,0.03841727625876326,0.014111930701050055,0.7588069323623509,0.2,General
57,0.0006357558757048347,0.0006832187348600354,3.3844082841916496e-05,0.14642104988612467,0.21685920012831772,0.011490400725324791,0.035078514059665375,0.007215668539032812,0.04133420920948005,0.014177729580369697,0.7563705200640373,0.2,General
58,0.0006727954814733716,0.0006324066440815551,3.200015093722599e-05,0.15143779421487155,0.21501610851280886,0.010475398222819008,0.033014570517892645,0.007133637653973707,0.04471495639860518,0.014242221381906124,0.7532653535732025,0.2,General
59,0.0007114906408620829,0.0005791254118471945,2.9946269133182277e-05,0.15612667112116355,0.21246626509183933,0.009655897224411646,0.030877823543446915,0.007001442902015626,0.048606720709157857,0.014280706679707697,0.7503003041254352,0.2,General
60,0.0007508775498254916,0.0005251038075554485,2.686654117812848e-05,0.16679421502558164,0.21165996450594474,0.008360408753537196,0.029118659265287172,0.0069865340316130784,0.0530343689784441,0.014436488935228744,0.7465094810238125,0.2,General
61,0.0007876931192191107,0.0004709753059917089,2.533974280294361e-05,0.1667592366750029,0.20643573886719238,0.007687375044300654,0.027383132920319825,0.0069429628894291185,0.058238714984787776,0.014716028144230205,0.7419281063626305,0.2,General
62,0.0008237054176718775,0.0004169835991857794,2.3303883789156757e-05,0.1724704606046159,0.20303991637459226,0.007016990984880161,0.025576568417199772,0.006864749354081284,0.06454524488944284,0.014977940504570998,0.7369286097237783,0.2,General
63,0.0008587279701892666,0.0003637604327235947,2.026468684025575e-05,0.1834068761079317,0.20243843133016803,0.0059572054955549505,0.02385509122743264,0.00689150544747674,0.07119291896712716,0.015363860992162004,0.7316044065303813,0.2,General
64,0.0008890396901050385,0.00031277195752293084,1.843001277276517e-05,0.18537233696939429,0.19549290487944104,0.005362087261216182,0.02223694958315907,0.006759141178854462,0.0797885157372955,0.015857399104253194,0.7252173881486043,0.2,General
65,0.0009160895377343447,0.00026437504159452623,1.594971773514752e-05,0.1971472690658448,0.19280885189611666,0.004585247449600853,0.020688409688408998,0.006668351421832595,0.08980984526371304,0.016506492404802113,0.7180993734029406,0.2,General
66,0.0009387946003743039,0.00021892962686922025,1.3506148336379283e-05,0.20009533260205306,0.1872915720080385,0.003932956619862334,0.019013856485015492,0.006653219527600626,0.10127707038390506,0.01712456027503838,0.7107741818486373,0.2,General
67,0.0009556065357850971,0.00017767498510202673,1.1372500163460269e-05,0.21249991555654024,0.1815137492733885,0.003259823511123012,0.017432634770852534,0.006296748425565304,0.11560851170373028,0.018139021009047088,0.7020354242317564,0.2,General
68,0.0009670465590864453,0.00014067441914567154,8.934312379192305e-06,0.21750864018121693,0.17507579766055414,0.0026344476998969805,0.015942647913780344,0.006153297915983304,0.13338984423911662,0.019104331164415716,0.6927644698077872,0.2,General
69,0.000971931430608879,0.0001083588494144021,6.9212074036250914e-06,0.2318439976638825,0.16748032063014454,0.0020146261998186155,0.014250653218983972,0.005533592187718991,0.15391817840571123,0.020381389505466672,0.68249032792149,0.2,General
70,0.0009702607267411094,8.108390794725652e-05,4.9639628563556625e-06,0.23823701970181962,0.15640354050599284,0.001508060790307371,0.012799416695553999,0.004838952494224344,0.1814167457938284,0.021783023212347628,0.670770814207926,0.2,General
71,0.0009623735731465865,5.848544269541892e-05,3.0838305642147643e-06,0.265959588508329,0.14394146637777855,0.0009500204887711532,0.011110686010951477,0.003491728364322433,0.21392638200020211,0.023087476705966187,0.6582894699154446,0.2,General
72,0.0009477429438048307,4.089963153988535e-05,1.4797780956184317e-06,0.33170364761258236,0.13491535364079527,0.000507511992733478,0.00961997994214669,0.0014079408733004676,0.2556233329814195,0.024849618010815467,0.6417970841698545,0.2,General
73,0.0009272982414059696,2.731754895607406e-05,2.530885667556569e-07,0.23490323872542093,0.06419968036136704,9.102444940645664e-05,0.007901388481933386,5.02201156900734e-05,0.30286304143671755,0.026774077574874156,0.624405449131154,0.2,General
74,0.0009005064179771687,1.771320913836955e-05,0.0,0.0,0.0,0.0,0.006376639070872033,0.0,0.36163859318526465,0.029517516364758304,0.6003038105773831,0.2,General
75,0.0008693055576721449,1.0923510153545708e-05,0.0,0.0,0.0,0.0,0.004812826965321247,0.0,0.4217965948984179,0.0323612593160138,0.572739208185074,0.2,General
76,0.0008346203056801407,6.350423239031785e-06,0.0,0.0,0.0,0.0,0.0033403106634786513,0.0,0.4864196280554742,0.0346283766392235,0.5413342499564274,0.2,General
77,0.0007971470772089989,3.3918059103720134e-06,0.0,0.0,0.0,0.0,0.0021028910931587537,0.0,0.5505616916823565,0.035611835647144346,0.5062948470661909,0.2,General
78,0.0007575137259796958,1.5363588521493917e-06,0.0,0.0,0.0,0.0,0.0010820246526558365,0.0,0.6081083908834584,0.03425430030864545,0.47093723442384966,0.2,General
79,0.0007161761016503195,4.683290792686257e-07,0.0,0.0,0.0,0.0,0.00033272633467620015,0.0,0.6656152501762127,0.021528073985616847,0.4436057697673111,0.2,General
80,0.0006734577734043087,2.867874166040384e-08,0.0,0.0,0.0,0.0,2.8048416284041517e-06,0.0,0.18900428712960238,5.7247348177869936e-06,0.5598975949877707,0.2,General
81,0.000629760562429187,4.971953779486862e-09,0.0,0.0,0.0,0.0,6.385466832662034e-07,0.0,0.23867762289966624,1.7525075866238628e-06,0.523350201330952,0.2,General
82,0.000585695202426145,5.093412433554039e-10,0.0,0.0,0.0,0.0,9.366935631378094e-08,0.0,0.33424637788518075,4.103642089891927e-07,0.47794201092883926,0.2,General
83,0.0005415147160285034,1.666717392907902e-11,0.0,0.0,0.0,0.0,4.890234147847312e-09,0.0,0.5621204497550107,4.749247242993736e-08,0.38570847859094104,0.2,General
84,0.0004974822448527114,0.0,0.0,0.0,0.0,0.0,0.0,0.0,0.0,0.0,0.0,0.2,General
85,0.00045387698749711314,0.0,0.0,0.0,0.0,0.0,0.0,0.0,0.0,0.0,0.0,0.2,General
86,0.0004109928834255551,0.0,0.0,0.0,0.0,0.0,0.0,0.0,0.0,0.0,0.0,0.2,General
87,0.00036913398519887734,0.0,0.0,0.0,0.0,0.0,0.0,0.0,0.0,0.0,0.0,0.2,General
88,0.00032860822957305066,0.0,0.0,0.0,0.0,0.0,0.0,0.0,0.0,0.0,0.0,0.2,General
89,0.00028972009266738986,0.0,0.0,0.0,0.0,0.0,0.0,0.0,0.0,0.0,0.0,0.2,General
90,0.00025276223211061666,0.0,0.0,0.0,0.0,0.0,0.0,0.0,0.0,0.0,0.0,0.2,General
91,0.00021800640786755223,0.0,0.0,0.0,0.0,0.0,0.0,0.0,0.0,0.0,0.0,0.2,General
92,0.00018569399921260858,0.0,0.0,0.0,0.0,0.0,0.0,0.0,0.0,0.0,0.0,0.2,General
93,0.00015602657684057905,0.0,0.0,0.0,0.0,0.0,0.0,0.0,0.0,0.0,0.0,0.2,General
94,0.00012915709435222002,0.0,0.0,0.0,0.0,0.0,0.0,0.0,0.0,0.0,0.0,0.2,General
95,0.00010518232887328877,0.0,0.0,0.0,0.0,0.0,0.0,0.0,0.0,0.0,0.0,0.2,General
96,8.413725065153222e-05,0.0,0.0,0.0,0.0,0.0,0.0,0.0,0.0,0.0,0.0,0.2,General
97,6.599197537233879e-05,0.0,0.0,0.0,0.0,0.0,0.0,0.0,0.0,0.0,0.0,0.2,General
98,5.065184475089476e-05,0.0,0.0,0.0,0.0,0.0,0.0,0.0,0.0,0.0,0.0,0.2,General
99,3.796099747308618e-05,0.0,0.0,0.0,0.0,0.0,0.0,0.0,0.0,0.0,0.0,0.2,General
100,2.5736828892267224e-05,0.0,0.0,0.0,0.0,0.0,0.0,0.0,0.0,0.0,0.0,0.2,General
