,Age,E,EE,EE_LB,EE_UB,EN,EN_LB,EN_UB,EU,EU_LB,EU_UB,LFPR,N,NE,NE_LB,NE_UB,NU,NU_LB,NU_UB,Tax,U,UE,UE_LB,UE_UB,UN,UN_LB,UN_UB,UR,Wage,Wage_LB,Wage_UB,malesCG,malesCG_LB,malesCG_UB
0,23,,0.04424999999999999,0.04335000000000001,0.0452,0.06591666666666664,0.06508333333333331,0.06681666666666665,0.03355,0.0328,0.03428333333333333,0.6953773740483918,,0.12028333333333331,0.11785000000000001,0.12238333333333334,0.0593,0.05776666666666666,0.06086666666666666,,,0.26299999999999996,0.25633333333333336,0.27033333333333337,0.18549999999999997,0.18016666666666661,0.19133333333333333,0.12415751034541377,0.48745162425237487,11.696666666666667,16.009999999999994,17.655,15.871666666666664,19.436666666666664
1,24,,0.041583333333333326,0.04071666666666668,0.04248333333333334,0.05063333333333331,0.04984999999999998,0.05149999999999999,0.03043333333333334,0.0297,0.031116666666666664,0.7523835089012105,,0.12666666666666665,0.12400000000000001,0.129,0.06269999999999999,0.06098333333333333,0.06443333333333333,,,0.2668333333333333,0.26016666666666666,0.2743333333333334,0.16999999999999996,0.16449999999999995,0.17616666666666667,0.1085457903807145,0.5075642078104844,12.301666666666668,16.551666666666662,16.675,14.95833333333333,18.389999999999997
2,25,,0.038583333333333324,0.03775000000000001,0.039433333333333334,0.039833333333333304,0.03908333333333331,0.040666666666666657,0.027333333333333338,0.026633333333333332,0.02798333333333333,0.7929915403246505,,0.12849999999999998,0.12566666666666668,0.13116666666666668,0.06384999999999999,0.061949999999999984,0.06573333333333334,,,0.26799999999999996,0.26099999999999995,0.2756666666666667,0.15616666666666665,0.1503333333333333,0.1625,0.0963260750240381,0.5466166295297292,13.436666666666667,17.639999999999993,17.87,16.169999999999998,19.566666666666666
3,26,,0.035716666666666654,0.034900000000000014,0.03655,0.03166666666666663,0.030916666666666648,0.03246666666666666,0.02431666666666667,0.02365,0.02494999999999999,0.8270545744650706,,0.12999999999999998,0.12700000000000003,0.13283333333333333,0.06545,0.06336666666666665,0.06751666666666667,,,0.26799999999999996,0.26066666666666666,0.27583333333333343,0.14666666666666664,0.14066666666666663,0.15316666666666667,0.08581698626825805,0.5785739415972793,14.353333333333333,18.539999999999992,19.035,17.334999999999997,20.730000000000004
4,27,,0.033066666666666654,0.03228333333333335,0.033883333333333335,0.025033333333333296,0.024299999999999978,0.025816666666666654,0.021966666666666676,0.021316666666666664,0.022583333333333327,0.8564789432462452,,0.13099999999999998,0.12783333333333335,0.13416666666666668,0.06796666666666666,0.06571666666666666,0.07021666666666666,,,0.26933333333333326,0.2616666666666667,0.2775000000000001,0.1376666666666667,0.1313333333333333,0.14450000000000005,0.07745248289413667,0.618036824205465,15.480000000000002,19.658333333333324,20.34,18.639999999999997,22.035
5,28,,0.03084999999999999,0.030066666666666683,0.03163333333333333,0.020533333333333296,0.01979999999999998,0.021299999999999986,0.020083333333333342,0.01945,0.020683333333333328,0.8760706719185508,,0.13016666666666665,0.12683333333333335,0.13383333333333333,0.06854999999999999,0.06613333333333332,0.07095,,,0.26899999999999996,0.26100000000000007,0.27733333333333343,0.13,0.1233333333333333,0.13700000000000004,0.07092620263212897,0.6523982643368125,16.46,20.633333333333326,21.74666666666667,20.046666666666663,23.441666666666666
6,29,,0.028899999999999985,0.02811666666666668,0.02965,0.017716666666666634,0.016983333333333312,0.01848333333333332,0.01833333333333334,0.01771666666666667,0.01893333333333333,0.8889918741307947,,0.12849999999999998,0.12500000000000003,0.1325,0.0681,0.06554999999999998,0.07063333333333334,,,0.26766666666666666,0.2593333333333334,0.2761666666666667,0.12383333333333334,0.11699999999999995,0.13100000000000003,0.06540862359017198,0.6862906063093702,17.423333333333332,21.59666666666666,23.135000000000005,21.436666666666664,24.831666666666667
7,30,,0.02711666666666665,0.026350000000000012,0.02785,0.0157833333333333,0.015033333333333313,0.01653333333333332,0.017133333333333344,0.016533333333333334,0.01773333333333333,0.8980707270311935,,0.12716666666666665,0.12350000000000001,0.13133333333333333,0.06695,0.06428333333333332,0.06958333333333333,,,0.2683333333333333,0.25966666666666677,0.2770000000000001,0.11866666666666666,0.11166666666666662,0.12600000000000003,0.061122993033721186,0.7210038700598101,18.41,22.583333333333325,24.586666666666673,22.888333333333325,26.28166666666667
8,31,,0.025633333333333314,0.024883333333333344,0.026366666666666667,0.014366666666666634,0.013599999999999978,0.015099999999999983,0.01618333333333334,0.015583333333333336,0.01678333333333333,0.9056233077015161,,0.12699999999999997,0.12316666666666669,0.13133333333333333,0.06574999999999999,0.06299999999999999,0.06849999999999999,,,0.27049999999999996,0.26166666666666677,0.2795000000000001,0.11483333333333333,0.10779999999999995,0.12233333333333335,0.05735891916230199,0.745572886126422,19.106666666666666,23.281666666666656,25.636666666666674,23.938333333333322,27.33333333333334
9,32,,0.024566666666666643,0.023833333333333345,0.025300000000000003,0.013316666666666635,0.012566666666666643,0.01406666666666665,0.015416666666666676,0.01481666666666667,0.01601666666666666,0.9103706150959466,,0.12533333333333332,0.12133333333333335,0.12983333333333333,0.06433333333333334,0.06151666666666664,0.06714999999999999,,,0.2714999999999999,0.2623333333333335,0.2806666666666668,0.11249999999999999,0.10513333333333329,0.12016666666666669,0.05449165953330942,0.7691450686056058,19.778333333333332,23.951666666666657,26.703333333333337,25.004999999999992,28.40166666666667
10,33,,0.02368333333333331,0.02295000000000001,0.02441666666666667,0.012566666666666634,0.011816666666666642,0.013316666666666649,0.014850000000000009,0.014250000000000004,0.015449999999999997,0.9130985582530872,,0.12283333333333331,0.11866666666666668,0.12733333333333333,0.06236666666666666,0.059499999999999977,0.06523333333333332,,,0.2724999999999999,0.2633333333333334,0.28183333333333344,0.10966666666666665,0.10208333333333329,0.11716666666666668,0.05240885339357726,0.7931863492435793,20.461666666666662,24.63499999999999,27.735000000000003,26.03666666666666,29.433333333333337
11,34,,0.023083333333333306,0.022366666666666674,0.02381666666666667,0.011916666666666633,0.01117833333333331,0.012666666666666647,0.014250000000000007,0.013650000000000004,0.014849999999999995,0.9147429967376598,,0.11999999999999998,0.11566666666666668,0.12433333333333334,0.06001666666666666,0.057133333333333314,0.06291666666666666,,,0.27083333333333326,0.2615000000000001,0.2801666666666668,0.10866666666666665,0.10108333333333329,0.11633333333333334,0.05042588897115377,0.8167585317227629,21.13166666666666,25.30499999999999,28.59166666666667,26.893333333333327,30.290000000000003
12,35,,0.022516666666666643,0.02180000000000001,0.023250000000000007,0.011449999999999967,0.010703333333333308,0.012183333333333315,0.013933333333333341,0.013333333333333336,0.014533333333333329,0.9159588440848435,,0.1183333333333333,0.114,0.12266666666666666,0.05809999999999999,0.05519999999999998,0.061016666666666663,,,0.2731666666666666,0.26366666666666677,0.2826666666666668,0.10899999999999999,0.10124999999999995,0.11683333333333334,0.04865144519629791,0.8481881083616747,22.02499999999999,26.198333333333323,29.906666666666666,28.20666666666666,31.605000000000004
13,36,,0.021916666666666643,0.02120000000000001,0.022666666666666672,0.011116666666666634,0.010379999999999974,0.01184999999999998,0.013550000000000008,0.012950000000000003,0.01413333333333333,0.9162923871051286,,0.1158333333333333,0.1115,0.12016666666666666,0.05644999999999999,0.05354999999999998,0.05938333333333334,,,0.27316666666666656,0.2635000000000001,0.2826666666666668,0.10883333333333332,0.10093333333333328,0.11666666666666668,0.04729966701389598,0.8787381259528556,22.891666666666662,27.064999999999987,31.159999999999997,29.46166666666666,32.86000000000001
14,37,,0.021483333333333313,0.020750000000000015,0.02223333333333334,0.010833333333333299,0.010116666666666642,0.011566666666666649,0.013083333333333343,0.012500000000000002,0.013666666666666662,0.9161248238086356,,0.11249999999999998,0.108,0.11666666666666665,0.05551666666666666,0.052616666666666645,0.05843333333333334,,,0.26966666666666655,0.26000000000000006,0.2791666666666668,0.10899999999999999,0.10094999999999994,0.11683333333333334,0.04637525385661242,0.9069426527500878,23.693333333333328,27.86499999999999,32.38666666666666,30.68833333333333,34.08666666666667
15,38,,0.020983333333333316,0.020250000000000015,0.021716666666666672,0.010583333333333299,0.009863333333333309,0.011299999999999984,0.012816666666666676,0.012233333333333334,0.013399999999999997,0.9159857092592937,,0.1093333333333333,0.10485,0.11333333333333333,0.05463333333333332,0.051733333333333305,0.057533333333333346,,,0.2681666666666665,0.2585000000000001,0.27783333333333343,0.10749999999999998,0.09943333333333328,0.11533333333333334,0.04588771949877027,0.9319807669754896,24.403333333333325,28.576666666666654,33.419999999999995,31.72166666666666,35.120000000000005
16,39,,0.020549999999999985,0.01981666666666668,0.021266666666666673,0.010319999999999965,0.009599999999999975,0.011016666666666649,0.012600000000000009,0.012016666666666669,0.013166666666666665,0.9153703156610908,,0.1064833333333333,0.10215,0.11049999999999999,0.052649999999999995,0.04976666666666663,0.05551666666666668,,,0.26599999999999985,0.2561666666666668,0.2756666666666668,0.10699999999999998,0.09891666666666661,0.115,0.04529872002340977,0.9567256948516477,25.106666666666655,29.27833333333332,34.453333333333326,32.75499999999999,36.15333333333334
17,40,,0.01996666666666665,0.01921666666666668,0.020683333333333342,0.010336666666666631,0.009623333333333308,0.011033333333333317,0.012350000000000009,0.011766666666666668,0.0129,0.914262673061326,,0.10481666666666663,0.10060000000000001,0.10883333333333332,0.05108333333333332,0.0482333333333333,0.05391666666666669,,,0.2656666666666665,0.2558333333333334,0.27550000000000013,0.10583333333333332,0.09771666666666662,0.11383333333333334,0.044621364154267616,0.9785973965052187,25.72833333333332,29.899999999999988,35.419999999999995,33.72166666666666,37.11833333333335
18,41,,0.01953333333333332,0.01880000000000001,0.020250000000000004,0.010113333333333299,0.009408333333333308,0.01081666666666665,0.012133333333333343,0.01156666666666667,0.012683333333333333,0.9125645794116961,,0.1004333333333333,0.09623333333333334,0.10444999999999999,0.04914999999999999,0.0463333333333333,0.05195000000000002,,,0.2616666666666665,0.2518333333333334,0.27150000000000013,0.10373333333333333,0.09559999999999996,0.11166666666666668,0.04455432044291436,0.9901489386654156,26.05499999999999,30.22833333333332,35.879999999999995,34.18166666666665,37.57833333333335
19,42,,0.019149999999999986,0.01841666666666668,0.019850000000000003,0.009964999999999965,0.00926666666666664,0.010666666666666649,0.01195000000000001,0.011383333333333336,0.012516666666666667,0.9103408605074543,,0.0969333333333333,0.09275,0.10093333333333332,0.046749999999999986,0.04396666666666663,0.04951666666666668,,,0.2591666666666665,0.2493333333333334,0.2691666666666668,0.10356666666666665,0.0954333333333333,0.1115,0.044124545087178585,1.0,26.33499999999999,30.508333333333322,36.23833333333333,34.53833333333332,37.936666666666675
20,43,,0.018749999999999985,0.018033333333333342,0.019450000000000002,0.009981666666666632,0.009288333333333308,0.01069999999999998,0.011766666666666675,0.011200000000000002,0.012333333333333333,0.906813003008126,,0.0928833333333333,0.08889999999999999,0.09684999999999999,0.044783333333333314,0.04204999999999997,0.04751666666666668,,,0.25783333333333314,0.24783333333333343,0.26800000000000007,0.10356666666666665,0.09544999999999997,0.1115,0.04381783691125198,1.0090301395567023,26.593333333333323,30.766666666666655,36.44833333333333,34.74833333333332,38.146666666666675
21,44,,0.018416666666666654,0.017700000000000007,0.019116666666666667,0.009884999999999965,0.009194999999999974,0.01059999999999998,0.011600000000000008,0.011050000000000003,0.012166666666666666,0.9042868715958267,,0.08943333333333331,0.08546666666666668,0.09334999999999999,0.04251666666666665,0.0398333333333333,0.045216666666666676,,,0.2564999999999998,0.24650000000000008,0.2666666666666668,0.10228333333333332,0.09414999999999996,0.11016666666666668,0.04342625312882026,1.015890700129002,26.788333333333327,30.95999999999999,36.66833333333333,34.96999999999999,38.366666666666674
22,45,,0.018149999999999986,0.017416666666666674,0.018850000000000002,0.009948333333333299,0.009263333333333306,0.010666666666666645,0.01138333333333334,0.010833333333333335,0.011966666666666665,0.8997348835573734,,0.08563333333333333,0.08175,0.08946666666666665,0.040299999999999975,0.03766666666666663,0.04295000000000001,,,0.25349999999999984,0.2433333333333334,0.2636666666666667,0.10278333333333332,0.09466666666666662,0.11066666666666668,0.04309910784627427,1.0201712208279585,26.909999999999997,31.081666666666653,36.81999999999999,35.121666666666655,38.51833333333334
23,46,,0.017949999999999987,0.01723333333333334,0.01865,0.009784999999999966,0.00909666666666664,0.01049999999999998,0.011266666666666673,0.010716666666666668,0.011866666666666664,0.8953664165242424,,0.08071666666666666,0.07696666666666668,0.08448333333333334,0.03821666666666664,0.03561666666666663,0.040816666666666675,,,0.24966666666666648,0.23950000000000005,0.26000000000000006,0.10344999999999999,0.09536666666666661,0.1115,0.043080602296120325,1.0246276533364609,27.034999999999997,31.20666666666665,37.035,35.33666666666665,38.73500000000001
24,47,,0.017499999999999988,0.01678333333333334,0.0182,0.009876666666666633,0.009184999999999973,0.010583333333333313,0.01103333333333334,0.010475,0.011633333333333329,0.8904414290675695,,0.07788333333333332,0.07420000000000003,0.08156666666666668,0.0361333333333333,0.0335833333333333,0.03868333333333334,,,0.2471666666666665,0.23683333333333337,0.25750000000000006,0.10521666666666664,0.09698333333333327,0.11333333333333334,0.04247472728510196,1.0285563504163249,27.14666666666666,31.31666666666665,37.206666666666656,35.509999999999984,38.90666666666667
25,48,,0.017149999999999988,0.016416666666666673,0.017849999999999998,0.009974999999999965,0.009281666666666641,0.010683333333333314,0.010833333333333339,0.010275000000000001,0.011433333333333328,0.885108919094259,,0.07426666666666666,0.07066666666666668,0.07788333333333335,0.034366666666666636,0.0318833333333333,0.036866666666666666,,,0.24383333333333315,0.23350000000000004,0.2543333333333334,0.10504999999999998,0.09671666666666662,0.11316666666666668,0.0424143539341997,1.0303154685117861,27.198333333333327,31.368333333333315,37.29666666666666,35.59999999999999,38.99666666666668
26,49,,0.016916666666666653,0.016183333333333338,0.01763333333333333,0.010041666666666631,0.009326666666666641,0.010733333333333315,0.010716666666666673,0.010148333333333334,0.01131666666666666,0.8805663374495379,,0.07156666666666667,0.06803333333333335,0.07511666666666666,0.03264999999999997,0.03021666666666663,0.0351,,,0.24133333333333318,0.231,0.2518333333333334,0.10488333333333331,0.09653333333333329,0.11316666666666668,0.042386768604267246,1.0329541456549782,27.27166666666666,31.443333333333317,37.41166666666666,35.71499999999998,39.11166666666668
27,50,,0.016716666666666654,0.01598333333333334,0.017449999999999997,0.010471666666666631,0.00975666666666664,0.011183333333333314,0.010566666666666674,0.009983333333333335,0.011166666666666658,0.8729495700108377,,0.06916666666666667,0.06573333333333335,0.07265,0.031066666666666642,0.028699999999999965,0.033466666666666665,,,0.23716666666666653,0.22666666666666668,0.24766666666666673,0.10566666666666664,0.09721666666666662,0.114,0.042674934818758815,1.037351940893632,27.398333333333326,31.569999999999983,37.52833333333333,35.829999999999984,39.228333333333346
28,51,,0.016383333333333323,0.015650000000000004,0.01713333333333333,0.010754999999999966,0.010034999999999973,0.011483333333333312,0.010433333333333341,0.00984,0.011033333333333326,0.8651885582777855,,0.06641666666666667,0.06305000000000001,0.06983333333333334,0.029416666666666643,0.027099999999999968,0.031766666666666665,,,0.2323333333333332,0.22183333333333335,0.2430000000000001,0.10599999999999998,0.09759999999999995,0.1145,0.04295166631458556,1.041280637973496,27.50999999999999,31.68333333333332,37.59499999999999,35.896666666666654,39.29500000000001
29,52,,0.016149999999999987,0.015400000000000004,0.016916666666666667,0.011151666666666631,0.010416666666666638,0.011883333333333313,0.01021333333333334,0.009615,0.010816666666666657,0.8544319385997635,,0.06286666666666667,0.05956666666666668,0.06621666666666667,0.027849999999999975,0.025599999999999967,0.030166666666666665,,,0.22966666666666655,0.21900000000000006,0.24033333333333343,0.10699999999999998,0.09843333333333328,0.1155,0.04292274867481279,1.0450334232438137,27.616666666666656,31.78999999999998,37.65166666666665,35.95333333333332,39.35166666666668
30,53,,0.016149999999999987,0.015383333333333337,0.01693333333333333,0.011599999999999965,0.01085166666666664,0.012333333333333312,0.010246666666666673,0.009641666666666665,0.010866666666666658,0.844901263240266,,0.060633333333333345,0.057400000000000014,0.06391666666666668,0.02663333333333331,0.024433333333333297,0.028916666666666663,,,0.22666666666666657,0.21600000000000005,0.23750000000000013,0.10833333333333332,0.09976666666666661,0.117,0.043588603859774346,1.0466752667995776,27.664999999999992,31.838333333333313,37.60999999999998,35.90999999999999,39.31000000000001
31,54,,0.016116666666666654,0.015350000000000004,0.01693333333333333,0.012099999999999963,0.011353333333333306,0.01284999999999998,0.010196666666666672,0.00959,0.010833333333333327,0.8344709219281644,,0.05846666666666669,0.055300000000000016,0.06168333333333335,0.02513333333333331,0.022966666666666632,0.027366666666666668,,,0.22283333333333324,0.2118333333333334,0.23366666666666677,0.10933333333333332,0.10068333333333328,0.11816666666666668,0.04411232668086288,1.0489621203236776,27.728333333333325,31.901666666666646,37.68166666666664,35.98333333333332,39.38166666666667
32,55,,0.016116666666666654,0.015333333333333338,0.01693333333333333,0.012833333333333296,0.012083333333333307,0.013599999999999978,0.010070000000000004,0.009445,0.01071666666666666,0.8194365560871774,,0.05576666666666669,0.05268333333333335,0.05888333333333334,0.023049999999999977,0.020949999999999965,0.025216666666666665,,,0.2196666666666666,0.2083333333333334,0.2306666666666668,0.11133333333333333,0.10253333333333327,0.12033333333333335,0.04423914313626647,1.0521871701653571,27.819999999999993,31.993333333333315,37.82833333333331,36.12999999999999,39.528333333333336
33,56,,0.016216666666666654,0.01541666666666667,0.01705,0.013499999999999963,0.01271666666666664,0.014266666666666645,0.009868333333333338,0.009226666666666668,0.010529999999999992,0.8037836178844197,,0.05271666666666668,0.04970000000000002,0.05573333333333335,0.021399999999999975,0.019349999999999964,0.023499999999999997,,,0.21683333333333324,0.2053333333333334,0.22816666666666677,0.11416666666666665,0.10533333333333328,0.12350000000000001,0.04411327020095967,1.0524217192447518,27.824999999999992,31.999999999999982,37.763333333333314,36.06499999999999,39.46333333333333
34,57,,0.016249999999999987,0.015450000000000005,0.0171,0.014283333333333295,0.013483333333333307,0.015066666666666645,0.009673333333333338,0.009021666666666667,0.010353333333333326,0.7872965537945591,,0.05000000000000002,0.04706666666666668,0.05293333333333335,0.019966666666666643,0.01796666666666663,0.022000000000000002,,,0.2146666666666666,0.2028333333333334,0.22616666666666677,0.11483333333333333,0.10566666666666662,0.12433333333333335,0.044119829387132804,1.0519526210859622,27.811666666666664,31.986666666666647,37.69999999999998,36.00166666666666,39.4
35,58,,0.016299999999999985,0.015466666666666672,0.017166666666666667,0.015199999999999964,0.014383333333333309,0.016016666666666644,0.009760000000000005,0.009086666666666668,0.010453333333333323,0.7686036336840414,,0.048150000000000005,0.04528333333333335,0.05098333333333335,0.018683333333333312,0.016733333333333298,0.02065,,,0.2128333333333333,0.2006666666666667,0.22450000000000012,0.11783333333333333,0.10849999999999994,0.12750000000000003,0.04477297627505117,1.0496071302920136,27.744999999999994,31.919999999999977,37.51333333333331,35.81499999999999,39.21333333333333
36,59,,0.01626666666666665,0.015416666666666674,0.017150000000000002,0.0165333333333333,0.015699999999999974,0.01738333333333331,0.009541666666666672,0.008841666666666666,0.01024499999999999,0.7447886485432355,,0.04556666666666667,0.04278333333333335,0.04830000000000002,0.017033333333333314,0.015149999999999964,0.018933333333333333,,,0.20966666666666658,0.1971666666666667,0.2216666666666668,0.11866666666666666,0.10916666666666662,0.12866666666666668,0.04505422459654058,1.0486102967045854,27.714999999999993,31.889999999999983,37.431666666666636,35.73333333333332,39.13166666666667
37,60,,0.01628333333333332,0.015400000000000006,0.017166666666666667,0.01831666666666663,0.017433333333333304,0.019199999999999978,0.009438333333333339,0.008708333333333334,0.010161666666666657,0.7152614596731145,,0.04311666666666667,0.04043333333333335,0.04573333333333335,0.015433333333333313,0.013633333333333298,0.01726666666666667,,,0.20533333333333326,0.19250000000000003,0.21766666666666679,0.12333333333333334,0.11349999999999995,0.13350000000000004,0.04571937013654102,1.0443297760056292,27.594999999999995,31.769999999999982,37.159999999999975,35.45999999999999,38.85999999999999
38,61,,0.01623333333333332,0.015316666666666673,0.017150000000000002,0.020333333333333297,0.01941666666666664,0.021249999999999977,0.009443333333333337,0.008686666666666667,0.010194999999999989,0.683717614956425,,0.04105,0.03845000000000002,0.043583333333333356,0.013871666666666645,0.012118333333333299,0.015633333333333336,,,0.2014999999999999,0.1881666666666667,0.21416666666666676,0.1275,0.11733333333333329,0.13800000000000004,0.04638614461162793,1.0378210390524216,27.409999999999993,31.583333333333314,36.721666666666636,35.021666666666654,38.42166666666666
39,62,,0.01601666666666665,0.015050000000000008,0.016966666666666668,0.02391666666666663,0.02296666666666664,0.02488333333333331,0.009301666666666672,0.00851,0.01008999999999999,0.6369802397537715,,0.038700000000000005,0.03620000000000002,0.041133333333333355,0.012183333333333312,0.010499999999999962,0.013873333333333335,,,0.19599999999999992,0.18183333333333337,0.20933333333333345,0.13749999999999998,0.12666666666666662,0.1486666666666667,0.04678264458276125,1.0301395567022398,27.19166666666666,31.363333333333316,36.2783333333333,34.57999999999999,37.97833333333333
40,63,,0.01601666666666665,0.014983333333333342,0.017016666666666666,0.02759999999999997,0.026583333333333306,0.02861666666666664,0.009346666666666672,0.008513333333333333,0.010183333333333324,0.589044670729168,,0.03640000000000001,0.03400000000000002,0.038716666666666684,0.01093499999999998,0.009334999999999963,0.012558333333333336,,,0.19316666666666657,0.17833333333333337,0.20733333333333345,0.15083333333333335,0.13949999999999996,0.1626666666666667,0.04735147769160237,1.0191157499706813,26.878333333333327,31.048333333333318,35.68499999999997,33.98666666666666,37.385
41,64,,0.016099999999999986,0.015016666666666673,0.01715,0.03209999999999996,0.031033333333333305,0.03318333333333331,0.009110000000000005,0.00823,0.010003333333333324,0.5372368024309832,,0.034300000000000004,0.032016666666666686,0.03651666666666669,0.009578333333333312,0.008049999999999965,0.01113166666666667,,,0.19033333333333322,0.17450000000000007,0.2055000000000001,0.164,0.1518333333333333,0.17666666666666672,0.04723939155558884,1.0090887768265508,26.593333333333323,30.763333333333318,35.291666666666636,33.59333333333333,36.99166666666667
42,65,,0.015933333333333317,0.014766666666666673,0.017066666666666664,0.03771666666666663,0.03658333333333331,0.03888333333333331,0.008973333333333338,0.008031666666666666,0.009926666666666658,0.48396407247489454,,0.032400000000000005,0.03023333333333335,0.034500000000000024,0.008383333333333312,0.0069216666666666316,0.00985166666666667,,,0.1874999999999999,0.17050000000000007,0.20366666666666675,0.17983333333333337,0.16666666666666666,0.19333333333333338,0.047256310253728485,0.991966694030726,26.106666666666655,30.276666666666653,34.57166666666664,32.87333333333333,36.27166666666667
43,66,,0.015899999999999984,0.014650000000000005,0.01713333333333333,0.043883333333333295,0.04266666666666664,0.04513333333333331,0.008791666666666672,0.007776666666666665,0.009813333333333325,0.4286754970032329,,0.030033333333333342,0.027950000000000016,0.03203333333333335,0.007194999999999978,0.005784999999999964,0.008595000000000004,,,0.1843333333333332,0.1661666666666667,0.20183333333333342,0.19350000000000003,0.17933333333333334,0.20816666666666672,0.04764179578278349,0.9747273366952036,25.616666666666656,29.78666666666665,34.066666666666634,32.368333333333325,35.76666666666667
44,67,,0.015833333333333317,0.01448333333333334,0.01718333333333333,0.05064999999999995,0.049333333333333305,0.05199999999999997,0.008705000000000004,0.007605,0.009813333333333325,0.37555673049339044,,0.027816666666666674,0.025816666666666682,0.02973333333333335,0.0062416666666666445,0.004883333333333298,0.007598333333333336,,,0.18399999999999986,0.16433333333333336,0.2030000000000001,0.20600000000000004,0.19050000000000003,0.22183333333333335,0.047813224142128845,0.9559047730737658,25.083333333333325,29.253333333333316,33.529999999999966,31.83166666666666,35.22833333333334
45,68,,0.01586666666666665,0.014400000000000005,0.01733333333333333,0.05711666666666662,0.05568333333333331,0.058566666666666635,0.008773333333333336,0.007583333333333333,0.00997166666666666,0.3380222717024764,,0.026466666666666677,0.024516666666666683,0.028350000000000018,0.005551666666666643,0.004218333333333297,0.006883333333333336,,,0.18866666666666654,0.16733333333333336,0.2095000000000001,0.21450000000000002,0.19750000000000004,0.2316666666666667,0.04751101982956146,0.9381376803096048,24.579999999999995,28.749999999999982,32.95833333333329,31.25999999999999,34.65666666666667
46,69,,0.016099999999999986,0.014516666666666673,0.01768333333333333,0.06413333333333328,0.06258333333333331,0.0656833333333333,0.008653333333333338,0.007366666666666667,0.009938333333333327,0.2996183292260726,,0.025016666666666673,0.023100000000000013,0.026883333333333353,0.004853333333333309,0.003534999999999964,0.006171666666666669,,,0.18716666666666656,0.16400000000000003,0.20983333333333343,0.21983333333333335,0.20116666666666672,0.2383333333333333,0.047820253140422285,0.923243813768031,24.156666666666656,28.328333333333315,32.57999999999996,30.881666666666657,34.278333333333336
47,70,,0.01608333333333332,0.014366666666666673,0.017799999999999996,0.07136666666666662,0.0696833333333333,0.0730333333333333,0.008665000000000004,0.007276666666666667,0.01005166666666666,0.268619413385708,,0.024083333333333342,0.022183333333333347,0.02593333333333335,0.004309999999999976,0.002999999999999964,0.005618333333333336,,,0.18716666666666656,0.16216666666666668,0.2120000000000001,0.22450000000000003,0.20433333333333337,0.24466666666666662,0.04835514607738344,0.9043626128767446,23.61999999999999,27.791666666666647,32.014999999999965,30.31666666666666,33.71333333333333
0,23,0.0008063794531665858,0.034752594788063314,,,0.04347385037162679,,,0.025127397484751682,,,0.595275119421784,0.0006278526915297551,0.0638913536784851,,,0.036275290459552245,,,0.0,0.00011707522892685816,0.24438128619979146,,,0.12039347734637383,,,0.1267796148495908,0.7016677378142813,,,,,
1,24,0.0009321799004490141,0.030423642226322697,,,0.035224960050710796,,,0.02244720552208333,,,0.6746904110077577,0.0005042018118280038,0.06735861539804582,,,0.03882110337431059,,,0.0,0.00011353205875549726,0.2446694651294097,,,0.11595871430496858,,,0.10856915019109353,0.7353257597525612,,,,,
2,25,0.001015761791978663,0.028815200124693,,,0.030001918819258146,,,0.021209962001747924,,,0.7287658784405511,0.0004199823934426972,0.0725651541314034,,,0.043288451316318054,,,0.0,0.00011266864342195196,0.2454739660698906,,,0.1087769493979706,,,0.09984544894161099,0.7601039582471562,,,,,
3,26,0.0010809214148310542,0.028018274769706655,,,0.026143060356022093,,,0.020286324580054065,,,0.7709860908366797,0.00035423788861712805,0.07746368903468473,,,0.04782443484762409,,,0.0,0.00011163708944909267,0.24694259534463578,,,0.10241812639321742,,,0.09361141532966481,0.7810897541587601,,,,,
4,27,0.0011342334436095956,0.027421399186828992,,,0.022794868560075274,,,0.019466960390829253,,,0.805455896296729,0.00030058147784842637,0.08255533314663945,,,0.05242871410700461,,,0.0,0.00011024078635663991,0.24760784475794298,,,0.09673506735079253,,,0.08858422593421715,0.8002582417318663,,,,,
5,28,0.0011779499025818794,0.026949420230174676,,,0.020099057760110797,,,0.01871814687671572,,,0.8329742953896897,0.000257750956639338,0.08686144792847172,,,0.05665582811853744,,,0.0,0.00010748051660772969,0.2485634382739049,,,0.09216713490603216,,,0.08361441817713482,0.8187829797363941,,,,,
6,29,0.00121366094913385,0.02653531147296435,,,0.01817479078694646,,,0.017696833787637187,,,0.8541401496530434,0.0002247938502460896,0.09130370755378635,,,0.05984945231084959,,,0.0,0.0001027085139744397,0.25139750637563285,,,0.08866890931089993,,,0.07802407823402273,0.8367702587693624,,,,,
7,30,0.0012426943457107896,0.026032347748940074,,,0.016432254013709565,,,0.016853205535092203,,,0.8724169926235442,0.0001963490623959939,0.09541552106748435,,,0.060680842258658156,,,0.0,9.994729632638559e-05,0.25167737140673657,,,0.08728313697608903,,,0.07444078389728527,0.8542189100584444,,,,,
8,31,0.0012678359159659076,0.025623423984630148,,,0.014608742280516103,,,0.01651454796628211,,,0.8887832765035757,0.00017090139532081842,0.09842127582847708,,,0.0673816467978607,,,0.0,9.791464129766227e-05,0.2512983307202444,,,0.08079470467368725,,,0.07169291696563165,0.8706497284036561,,,,,
9,32,0.0012873868854329227,0.02523608158203877,,,0.013733400625365037,,,0.015399987216668236,,,0.8985957598762335,0.00015556775641155469,0.10204166189788912,,,0.0681225985654554,,,0.0,9.117998824278776e-05,0.25453162657862843,,,0.07897737844001437,,,0.06614114264886699,0.8867720487529049,,,,,
10,33,0.0013020654863099095,0.024787106969135057,,,0.012715015825524992,,,0.014901534830697715,,,0.9084034240510988,0.00014027332518970145,0.1039982636673843,,,0.06769288221350227,,,0.0,8.908661283017317e-05,0.25390585810441657,,,0.07866940041137553,,,0.06403801057069214,0.9024402684190665,,,,,
11,34,0.0013138061399471334,0.024432829487144064,,,0.011940207016291178,,,0.014206128649130692,,,0.914719084131533,0.00013035273971871697,0.1061863482294435,,,0.0707322375333347,,,0.0,8.435120246983475e-05,0.25542427892293923,,,0.07434071677933766,,,0.06033026463532239,0.9170942015045195,,,,,
12,35,0.0013223355390682753,0.024010583833860857,,,0.011226339865100578,,,0.013699079021055572,,,0.9204706669802967,0.0001213119252768323,0.10677274606232234,,,0.06869696906716077,,,0.0,8.172588748191349e-05,0.25544372093315976,,,0.0750308685638016,,,0.058206774957642614,0.9309907276628798,,,,,
13,36,0.001329060833541974,0.02366474391247356,,,0.010895821685115534,,,0.012933341569077874,,,0.9237062840033994,0.00011611895366274426,0.10872087096451755,,,0.06921688141823679,,,0.0,7.681913689956925e-05,0.2571334171871242,,,0.07256629345072524,,,0.054641319682108246,0.9436257335512136,,,,,
14,37,0.0013336085779298947,0.023287541480846174,,,0.010232304677416964,,,0.012707811489102766,,,0.9279878759640424,0.00010934100334011411,0.10811229465377482,,,0.06868163698643731,,,0.0,7.54197878311881e-05,0.25560269485273945,,,0.07098909091961077,,,0.05352609618362814,0.9552931454094343,,,,,
15,38,0.0013351970009135691,0.02290090591903649,,,0.010188450736328887,,,0.012012524922171863,,,0.9287578969033795,0.00010789374810062677,0.10794754398265416,,,0.06564635081857383,,,0.0,7.137532386827246e-05,0.25746017875129185,,,0.0726250859559369,,,0.05074415485840213,0.9662938229448453,,,,,
16,39,0.0013353670344669315,0.02258773018303011,,,0.009986670480702446,,,0.011578718785596484,,,0.9295018510260517,0.00010647118111819719,0.10713575361344486,,,0.06470547072405254,,,0.0,6.843095697913453e-05,0.2577537012127454,,,0.07036227473252614,,,0.04874701160431433,0.9760398499619979,,,,,
17,40,0.0013334780308910622,0.02226872650310077,,,0.009785008998510657,,,0.011360460743836958,,,0.9301232165730313,0.00010521749008155801,0.10545061605025113,,,0.06268399208559138,,,0.0,6.706196987590202e-05,0.25574006608909783,,,0.06949365477816398,,,0.047882937894795946,0.9848188906388844,,,,,
18,41,0.0013288294064178936,0.021909778085575784,,,0.00981155421907373,,,0.011018082669588829,,,0.9286111342688993,0.00010714815324135381,0.10288472682297113,,,0.05917788622588004,,,0.0,6.493091036669554e-05,0.25515877046701524,,,0.07115877791479681,,,0.046586855418937034,0.9929277303703092,,,,,
19,42,0.001322255080239119,0.02155888999441302,,,0.009999271227163506,,,0.010614743434668854,,,0.9257735582297648,0.00011102034835183481,0.1003818426076201,,,0.056723904544245696,,,0.0,6.242267715273371e-05,0.2551038321620018,,,0.0718461362580985,,,0.04508101384564134,1.0,,,,,
20,43,0.00131483088879006,0.021305148774232594,,,0.010119232422367652,,,0.01039863697676649,,,0.9235323850293,0.00011394446052054475,0.09785694954142844,,,0.05415097975016489,,,0.0,6.132553279752287e-05,0.2538301149318202,,,0.07287509535703575,,,0.0445629085731225,1.0056467422955555,,,,,
21,44,0.0013063522208733144,0.021066894331074167,,,0.010284797126280179,,,0.01007678772083031,,,0.9201186321795329,0.00011855111596593221,0.09470512206534289,,,0.05152886614338393,,,0.0,5.918637269571267e-05,0.25429959178631406,,,0.0722581423879018,,,0.043342878022232065,1.0099536335122563,,,,,
22,45,0.0012952953648373417,0.020747815952766455,,,0.01049908736226681,,,0.009954634667568697,,,0.9160037243772158,0.00012411590951127342,0.09074194664930674,,,0.04828534175847591,,,0.0,5.8224592135047995e-05,0.25216991453128784,,,0.0734969837695597,,,0.043017165602262125,1.0135251062070687,,,,,
23,46,0.0012821197151459101,0.02046528744457139,,,0.010825677652375599,,,0.009781409860914685,,,0.9105721564279254,0.0001315223294013159,0.08717885352195508,,,0.045342437117213245,,,0.0,5.706689964547515e-05,0.2506422245283184,,,0.07509387642235951,,,0.04261310486168865,1.0161294057807368,,,,,
24,47,0.0012671079440188077,0.020189542438071025,,,0.011288146514453146,,,0.009577836097866206,,,0.9040005698804998,0.00014047373877804512,0.08381561300094992,,,0.04245653332517129,,,0.0,5.569511585896457e-05,0.24936621041625376,,,0.0769613988021362,,,0.04210386076980411,1.0176440040731745,,,,,
25,48,0.0012502381604143154,0.019939426635972424,,,0.011793457259199213,,,0.009408122520587078,,,0.8965397510533603,0.0001505662704345707,0.08025189235700556,,,0.039764723447279306,,,0.0,5.450107989105165e-05,0.2480171869006724,,,0.07886054881418428,,,0.04177162624333731,1.0180542731846045,,,,,
26,49,0.0012308413532235243,0.019676127463955355,,,0.012328490572388924,,,0.009366560145566803,,,0.8879988280566327,0.0001620387436151986,0.07641186418374861,,,0.03733381344221847,,,0.0,5.3879261153820476e-05,0.24534478527219586,,,0.08055435739176546,,,0.0419385044116644,1.0176304006283767,,,,,
27,50,0.001209371402593344,0.019398879039795754,,,0.012868949672226584,,,0.009324265187097376,,,0.8785061504243339,0.0001746596552586408,0.07237697690895444,,,0.03506540114424574,,,0.0,5.35697414367329e-05,0.24271036687580258,,,0.08217238468123196,,,0.042416657094399915,1.0161528010825598,,,,,
28,51,0.0011860909210126295,0.019141843653312954,,,0.013512256026146351,,,0.009299086497081286,,,0.8680098712676704,0.0001884542485245205,0.06867812473414427,,,0.03295228905555389,,,0.0,5.324530490581116e-05,0.24027645367150255,,,0.08355452161951471,,,0.0429627600583953,1.0134507651410927,,,,,
29,52,0.0011606995193244516,0.01891907402245982,,,0.014228311646800053,,,0.009260310194138454,,,0.8560846953792625,0.00020396932254640584,0.06504048010836931,,,0.030677482898195108,,,0.0,5.261838191628435e-05,0.23820884957876565,,,0.08562309779042865,,,0.04336734986146411,1.0096587537204043,,,,,
30,53,0.0011329052438002758,0.01869449171694072,,,0.015103773624142459,,,0.00915555070347207,,,0.8424161725634645,0.00022157044615771327,0.06147347563966943,,,0.028723176274206407,,,0.0,5.1572441770168895e-05,0.2366319576156786,,,0.08868043247145725,,,0.04354023921128712,1.0048651472313188,,,,,
31,54,0.0011022395450788678,0.018477811909090237,,,0.016099765030246894,,,0.009115284409304944,,,0.8269298053060541,0.00024126480154683359,0.05820162678326513,,,0.026762064711739506,,,0.0,5.052425531515745e-05,0.2347810740644395,,,0.09239453543943982,,,0.043828801093413756,0.9992161186458149,,,,,
32,55,0.0010686354324524468,0.018243407732424038,,,0.017106621148350237,,,0.009087713799125588,,,0.809743431115729,0.00026277903521219545,0.054865731407234254,,,0.0249152403282972,,,0.0,4.976798902119347e-05,0.2324382521111631,,,0.09533185559094036,,,0.04449913874156228,0.9927589153788716,,,,,
33,56,0.0010329948803939136,0.01803813120652098,,,0.018222609075563268,,,0.009096089426445858,,,0.7913272115425942,0.00028535212600587474,0.051548029945129505,,,0.02344558772704783,,,0.0,4.911507677508932e-05,0.2301459473256792,,,0.09756565235163543,,,0.045388249548671857,0.9850402221668265,,,,,
34,57,0.0009945344078410709,0.017842577272166694,,,0.019471981897672692,,,0.00905758160286551,,,0.7705010950076518,0.00031047039259775143,0.048487138238219145,,,0.021704537934284188,,,0.0,4.78138224130081e-05,0.22825162247090983,,,0.10246434019391341,,,0.045871255905862836,0.9764278712753877,,,,,
35,58,0.00095327787766653,0.017617686985701292,,,0.020832107375746894,,,0.009043043930025906,,,0.7478070909947262,0.00033723291444897084,0.04544182938172636,,,0.02021776858663134,,,0.0,4.669141463615169e-05,0.2259858157167137,,,0.10568525833481879,,,0.04669284846600932,0.966889213169113,,,,,
36,59,0.0009093146936854998,0.017427949088444587,,,0.022314162549628824,,,0.008995635142936003,,,0.7228153372938595,0.000366039602671897,0.042503590223595455,,,0.018683486686423164,,,0.0,4.520795661241015e-05,0.22406547326228723,,,0.11031924289180535,,,0.04736184793341529,0.9564234057549656,,,,,
37,60,0.0008623450644469189,0.017207963489619796,,,0.024058491821833904,,,0.008959376964293882,,,0.6953976683303854,0.00039685048701459496,0.039641098549352126,,,0.017307435442189423,,,0.0,4.365227914878131e-05,0.22203489846628702,,,0.11473637371068085,,,0.048181464832485275,0.945211867575081,,,,,
38,61,0.0008126035157498962,0.017011554296302914,,,0.02588014415520133,,,0.008907485441591376,,,0.6653456228290637,0.000429698931338507,0.03688690151844254,,,0.015954168273583817,,,0.0,4.170565395915475e-05,0.22018945433718304,,,0.11951336729332795,,,0.0488179870214413,0.933197864869227,,,,,
39,62,0.0007603253076468212,0.01680020507170151,,,0.02796421592338014,,,0.008820842512631962,,,0.6327543766260957,0.00046419583652854233,0.03424071914538576,,,0.014563714715987186,,,0.0,3.947169054912255e-05,0.21845034478189226,,,0.12514943568339057,,,0.04935213640230782,0.9203220155447118,,,,,
40,63,0.0007055170443898214,0.016575964438834568,,,0.030261230285785673,,,0.00869452447447895,,,0.5975534913630733,0.000500141615984492,0.03161064879240937,,,0.013211916575944874,,,0.0,3.7094364564219376e-05,0.2167376148625254,,,0.13167814516622467,,,0.04995124518281552,0.9067422624085182,,,,,
41,64,0.0006482846577342164,0.01633795310354519,,,0.03283757930160233,,,0.00858609846602157,,,0.5595162152868168,0.0005374966368053968,0.029060761233718993,,,0.011948680446785334,,,0.0,3.44603022206003e-05,0.21493086917582285,,,0.1379387891310636,,,0.050473169692648985,0.8926283929915412,,,,,
42,65,0.0005891890632980648,0.016075241833084796,,,0.03574079552604757,,,0.008402554394840422,,,0.5188129595159017,0.0005756990247720739,0.02658135260840513,,,0.010655049175955634,,,0.0,3.1526146596056355e-05,0.21322872675951132,,,0.14523689260951164,,,0.05079003396973943,0.8778293625374664,,,,,
43,66,0.0005285386679718352,0.015792192275664235,,,0.03912442884471598,,,0.008138242270643222,,,0.4753693344188038,0.0006144633394426602,0.02415532975548798,,,0.00932272785293786,,,0.0,2.8228307081028206e-05,0.2117536625750641,,,0.15418821972946867,,,0.05070039773524285,0.8625699428850306,,,,,
44,67,0.000466878256454864,0.015468250030826162,,,0.04285873189416383,,,0.007818808903889975,,,0.4294134936059546,0.0006531241048380955,0.021777269003906446,,,0.008129467060171492,,,0.0,2.4651600059308986e-05,0.21052524609864762,,,0.1615705107771259,,,0.05015280299376518,0.8468802785989997,,,,,
45,68,0.00040498791416974174,0.015086035358164171,,,0.04716973213368004,,,0.007434612520806458,,,0.38153779914791675,0.0006906090526065484,0.019432580613913963,,,0.006879381303696354,,,0.0,2.1058265596949596e-05,0.20904099781130883,,,0.1714776227775088,,,0.049427190283648094,0.8308381598951358,,,,,
46,69,0.0003437402936785608,0.014638109814504079,,,0.05214293707774826,,,0.0068733306181980635,,,0.3319625901035921,0.0007262979081909304,0.01715057522185304,,,0.005619260157764434,,,0.0,1.7173228854960197e-05,0.20800755113699973,,,0.18303760046721432,,,0.04758266948383786,0.8145618533052583,,,,,
47,70,0.00028420005418075463,0.014088236373726902,,,0.057921248719347444,,,0.0062326636949690956,,,0.28184208517378584,0.0007585963402618657,0.014862832709282417,,,0.004440579010735361,,,0.0,1.3512148011356754e-05,0.20682389716099933,,,0.19578563419567385,,,0.04538661133760809,0.7981303374735981,,,,,
48,71,0.000227637218402535,0.01342036785665337,,,0.06452039137066237,,,0.00542182523573349,,,0.23197927073446112,0.0007864092906087268,0.012633372639708323,,,0.003336475972810612,,,0.0,9.896283992219958e-06,0.20622898722471247,,,0.21030505402854727,,,0.04166268712601815,0.7815969341898642,,,,,
49,72,0.0001754255405524628,0.01255614330650264,,,0.07217481580470914,,,0.004551244548794881,,,0.18393063159761935,0.000808008481472237,0.010471287965037162,,,0.0023213121433653225,,,0.0,6.688279776770294e-06,0.20460644999209018,,,0.22804473817682736,,,0.03672582215165734,0.7651025179585266,,,,,
50,73,0.00012894479860424632,0.011476941989238064,,,0.08115188656486151,,,0.0034636118688277447,,,0.13924648210706103,0.0008219067037987089,0.008393473436268716,,,0.0014383626004880192,,,0.0,4.017326725592343e-06,0.20260614762544185,,,0.2556881592722748,,,0.03021406822150725,0.7487163045686898,,,,,
51,74,8.932919161200564e-05,0.01006918535277577,,,0.09184940612816127,,,0.0019907711741861908,,,0.09923802476089127,0.0008270972818874584,0.0064570529454079815,,,0.0006980134060804798,,,0.0,1.7931057272279905e-06,0.2002542505076447,,,0.304507367601045,,,0.01967801273219163,0.7326853531156338,,,,,
52,75,5.7441790894396836e-05,0.008277826487650864,,,0.10447863310033789,,,0.0003897811304377746,,,0.06562802945584567,0.0008224613257398677,0.004672212837466169,,,0.0001279032264764374,,,0.0,3.259052839413928e-07,0.15521964754137416,,,0.4155778399364454,,,0.005641652783508458,0.717357279758658,,,,,
53,76,3.371345763905238e-05,0.006319010582659085,,,0.11771391859931186,,,0.0,,,0.040088742970488256,0.0008072572274201156,0.0030552361909626804,,,0.0,,,0.0,0.0,0.0,,,0.0,,,0.0,0.7028945946999747,,,,,
54,77,1.775517245305423e-05,0.0042661025391705415,,,0.13257626867642858,,,0.0,,,0.02217902684485895,0.0007827836689149964,0.0017742859134610774,,,0.0,,,0.0,0.0,0.0,,,0.0,,,0.0,0.6888370516625986,,,,,
55,78,8.153315172386732e-06,0.0025113900775148856,,,0.15088392727484287,,,0.0,,,0.010741472480595537,0.0007508967300719475,0.00092025647047655,,,0.0,,,0.0,0.0,0.0,,,0.0,,,0.0,0.6749523622832209,,,,,
56,79,3.20412449410486e-06,0.0016302319399229411,,,0.1816562389003239,,,0.0,,,0.004471010341838277,0.0007134402688595978,0.00044871861173492364,,,0.0,,,0.0,0.0,0.0,,,0.0,,,0.0,0.6576062124717619,,,,,
57,80,9.970181768663356e-07,0.0009941421713810326,,,0.22897295498364945,,,0.0,,,0.0014803834964876028,0.0006724893988440799,0.00017961988334632816,,,0.0,,,0.0,0.0,0.0,,,0.0,,,0.0,0.6371165673251048,,,,,
58,81,2.0916287303767618e-07,0.0005231302727844333,,,0.30932664948235206,,,0.0,,,0.00033212818505745645,0.0006295563386651287,5.062928889696088e-05,,,0.0,,,0.0,0.0,0.0,,,0.0,,,0.0,0.6105153445629191,,,,,
59,82,1.922525938233563e-08,0.0001827960670735022,,,0.49417679829962485,,,0.0,,,3.282465621434749e-05,0.0005856764559616248,6.3319589119164086e-06,,,0.0,,,0.0,0.0,0.0,,,0.0,,,0.0,0.572655579798049,,,,,
60,83,1.380352894971659e-10,7.167959562138258e-06,,,0.28156172688108105,,,0.0,,,2.549058932821424e-07,0.0005415145664182224,6.207913514653299e-08,,,0.0,,,0.0,0.0,0.0,,,0.0,,,0.0,0.17908980787242076,,,,,
61,84,0.0,0.0,,,0.0,,,0.0,,,0.0,0.0004974822189070175,0.0,,,0.0,,,0.0,0.0,0.0,,,0.0,,,,0.0,,,,,
62,85,0.0,0.0,,,0.0,,,0.0,,,0.0,0.000453876963825609,0.0,,,0.0,,,0.0,0.0,0.0,,,0.0,,,,0.0,,,,,
63,86,0.0,0.0,,,0.0,,,0.0,,,0.0,0.00041099286199062975,0.0,,,0.0,,,0.0,0.0,0.0,,,0.0,,,,0.0,,,,,
64,87,0.0,0.0,,,0.0,,,0.0,,,0.0,0.000369133965947062,0.0,,,0.0,,,0.0,0.0,0.0,,,0.0,,,,0.0,,,,,
65,88,0.0,0.0,,,0.0,,,0.0,,,0.0,0.0003286082124348164,0.0,,,0.0,,,0.0,0.0,0.0,,,0.0,,,,0.0,,,,,
66,89,0.0,0.0,,,0.0,,,0.0,,,0.0,0.00028972007755732795,0.0,,,0.0,,,0.0,0.0,0.0,,,0.0,,,,0.0,,,,,
67,90,0.0,0.0,,,0.0,,,0.0,,,0.0,0.0002527622189280552,0.0,,,0.0,,,0.0,0.0,0.0,,,0.0,,,,0.0,,,,,
68,91,0.0,0.0,,,0.0,,,0.0,,,0.0,0.0002180063964976465,0.0,,,0.0,,,0.0,0.0,0.0,,,0.0,,,,0.0,,,,,
69,92,0.0,0.0,,,0.0,,,0.0,,,0.0,0.00018569398952792475,0.0,,,0.0,,,0.0,0.0,0.0,,,0.0,,,,0.0,,,,,
70,93,0.0,0.0,,,0.0,,,0.0,,,0.0,0.00015602656870317022,0.0,,,0.0,,,0.0,0.0,0.0,,,0.0,,,,0.0,,,,,
71,94,0.0,0.0,,,0.0,,,0.0,,,0.0,0.000129157087616162,0.0,,,0.0,,,0.0,0.0,0.0,,,0.0,,,,0.0,,,,,
72,95,0.0,0.0,,,0.0,,,0.0,,,0.0,0.00010518232338761062,0.0,,,0.0,,,0.0,0.0,0.0,,,0.0,,,,0.0,,,,,
73,96,0.0,0.0,,,0.0,,,0.0,,,0.0,8.413724626343908e-05,0.0,,,0.0,,,0.0,0.0,0.0,,,0.0,,,,0.0,,,,,
74,97,0.0,0.0,,,0.0,,,0.0,,,0.0,6.599197193059426e-05,0.0,,,0.0,,,0.0,0.0,0.0,,,0.0,,,,0.0,,,,,
75,98,0.0,0.0,,,0.0,,,0.0,,,0.0,5.0651842109199294e-05,0.0,,,0.0,,,0.0,0.0,0.0,,,0.0,,,,0.0,,,,,
76,99,0.0,0.0,,,0.0,,,0.0,,,0.0,3.7960995493269065e-05,0.0,,,0.0,,,0.0,0.0,0.0,,,0.0,,,,0.0,,,,,
77,100,0.0,0.0,,,0.0,,,0.0,,,0.0,2.573682754998924e-05,0.0,,,0.0,,,0.0,0.0,0.0,,,0.0,,,,0.0,,,,,
78,23,0.0006264891141006742,0.03136159565547272,,,0.06040363698425494,,,0.019564366610416186,,,0.45406094623693183,0.00084691927965152,0.051531375560501046,,,0.02214394932600811,,,0.05,7.789897987100555e-05,0.24341753075799624,,,0.14410962975194624,,,0.11059099456348494,0.7297500115914061,,,,,
79,24,0.0007506795626806648,0.02768933779589838,,,0.04981995415693871,,,0.01758898919597519,,,0.5351792167592855,0.0007204321330069038,0.055320762226973665,,,0.0237673386960746,,,0.05,7.880207534494793e-05,0.24350784072332246,,,0.14212428137038738,,,0.09500159103282606,0.7603141079761794,,,,,
80,25,0.000841759160559639,0.026440929754851402,,,0.04337086835840273,,,0.01677618654589901,,,0.5960757830041647,0.0006254414394768427,0.06006666568282193,,,0.026762250941179344,,,0.05,8.121222880683441e-05,0.24452332029267151,,,0.13457759395456448,,,0.08798997427491051,0.7815902265388927,,,,,
81,26,0.0009157686925362418,0.025780272510094335,,,0.038430869095732824,,,0.016336957854299488,,,0.6460489189718828,0.0005474902553963816,0.06470219173660359,,,0.02999750335780386,,,0.05,8.353744496464805e-05,0.24512475681010015,,,0.12814272814563105,,,0.08359544871160533,0.7998789196590953,,,,,
82,27,0.0009779852803090021,0.02529429379947824,,,0.03460383557536003,,,0.015677515090576546,,,0.6872730498799724,0.00048318055927041903,0.06894486759294886,,,0.032546189693646886,,,0.05,8.388986823523876e-05,0.24627039267566375,,,0.12351448446432645,,,0.0790016306062404,0.8170569665655097,,,,,
83,28,0.0010326067554231927,0.02489656600292832,,,0.031113958359146928,,,0.01534108008716837,,,0.7238157632827156,0.00042620237039964676,0.07336190464561965,,,0.035616916554403764,,,0.05,8.437225000610807e-05,0.24653792140591857,,,0.11791645955479914,,,0.07553611088122499,0.8330349978130684,,,,,
84,29,0.0010786072411735844,0.024528229277522618,,,0.028362206216347812,,,0.014576147221437519,,,0.7532877495511794,0.00038022386934681855,0.07767672778130914,,,0.03782338659852582,,,0.05,8.233220283397078e-05,0.2490716928749184,,,0.11406357206612809,,,0.07091860239476451,0.8489909324574583,,,,,
85,30,0.0011165302584610168,0.024111830684464777,,,0.025783598194606464,,,0.014192127215334761,,,0.7795427763593554,0.00033928161790809587,0.08056477369927768,,,0.03933127037989612,,,0.05,8.317882806405459e-05,0.24857481187328845,,,0.11325103932310894,,,0.06933249818502256,0.8648662035911162,,,,,
86,31,0.0011494509174396655,0.023695324454115093,,,0.023863700978791702,,,0.013839389028095892,,,0.8007040629686487,0.00030624849078136093,0.08392320316048435,,,0.0426736636210707,,,0.05,8.095254436335995e-05,0.24792884751683208,,,0.10712387674092966,,,0.06579349528546727,0.8798448453523648,,,,,
87,32,0.001178282721753197,0.023393725678799087,,,0.02228931356738911,,,0.012806258838783042,,,0.8175309088661133,0.00027993215162904416,0.0872881114691163,,,0.04333634356887267,,,0.05,7.591975670502137e-05,0.25299247400014835,,,0.10491180161338998,,,0.06053229682526936,0.8940305155907999,,,,,
88,33,0.001199258342221331,0.022939061028803654,,,0.020754332912162072,,,0.01280555490411952,,,0.8336234754924632,0.00025479323964246756,0.08967675714948255,,,0.045024701042912146,,,0.05,7.73738424659751e-05,0.24861255868360277,,,0.10378420911649482,,,0.0606077799024993,0.9084821872823178,,,,,
89,34,0.0012180230613766498,0.022687370365702175,,,0.019788432673497076,,,0.011819264397813447,,,0.843370120040928,0.0002394103506811419,0.09198143408721697,,,0.04501730951077213,,,0.05,7.107667007788346e-05,0.25422008984427025,,,0.10113890796095376,,,0.05513667278301683,0.9217101754916753,,,,,
90,35,0.0012311288183631042,0.022287403776473955,,,0.01869962701046854,,,0.011708262176875239,,,0.8536628573494134,0.00022321877778171419,0.09251730337343718,,,0.04610217563062489,,,0.05,7.102575568220281e-05,0.25080294759728955,,,0.10004431911372964,,,0.05454479606177043,0.9347073139448288,,,,,
91,36,0.0012418385707200128,0.021914553406204837,,,0.017970136988800917,,,0.011039902266282755,,,0.8602472802361287,0.00021270348912126136,0.09465556737227819,,,0.044573263190071044,,,0.05,6.745686426302202e-05,0.2532446707400523,,,0.09984773849310097,,,0.05152149962540432,0.9465418017391376,,,,,
92,37,0.0012503128949606988,0.021650980462985317,,,0.017230316294845737,,,0.010731018579402979,,,0.8663711661622947,0.00020289792812788418,0.09433187347678756,,,0.04646675493644021,,,0.05,6.515854601260574e-05,0.25314239953723133,,,0.09699115042157215,,,0.04953246720764653,0.9573433819745678,,,,,
93,38,0.001254275488852582,0.021278755141100118,,,0.016802870790984123,,,0.010356464452875833,,,0.869757718323436,0.00019724751685395702,0.095130441182328,,,0.04525037488720259,,,0.05,6.294306717591955e-05,0.252194754728097,,,0.09723995206249841,,,0.04778483182449004,0.9677866127019401,,,,,
94,39,0.0012561056828253381,0.020905647027606916,,,0.01653407721887248,,,0.00993196938161541,,,0.8717597569544326,0.00019367728575386782,0.09444317751694564,,,0.04312234945766582,,,0.05,6.04862039850481e-05,0.25258129724586487,,,0.09746279102357115,,,0.045941498342044126,0.9772589016141245,,,,,
95,40,0.001255719522590538,0.020652293227723093,,,0.016117837542997983,,,0.009696619196831279,,,0.8730557000817477,0.00019114733052242978,0.09242426789451423,,,0.04367277841999781,,,0.05,5.8890637735553595e-05,0.2527775773875363,,,0.0962885529644688,,,0.04479703528302691,0.9857093916419172,,,,,
96,41,0.001252608636031729,0.02038884292268808,,,0.016255154970954453,,,0.009180609350200151,,,0.8718933601613855,0.0001922763408003397,0.09213726438542214,,,0.04108201128396501,,,0.05,5.602349319387657e-05,0.2530365760208821,,,0.09747281471149288,,,0.0428107272798116,0.9932715683314375,,,,,
97,42,0.0012469473447659927,0.020073284250123277,,,0.016063805680985987,,,0.009171887324013776,,,0.8707608316351593,0.0001933027793111819,0.0897020272368678,,,0.04067684732699343,,,0.05,5.544798166651422e-05,0.2511461371936467,,,0.09672844228835725,,,0.04257384877017036,1.0,,,,,
98,43,0.001239085971480139,0.019796544857933737,,,0.01620037346360183,,,0.008863804776176109,,,0.8674589110565558,0.00019749959355019704,0.08746409727328482,,,0.03806492484063472,,,0.05,5.351531707778381e-05,0.2503847160781966,,,0.09851359600673842,,,0.041401256173500815,1.0058160895299868,,,,,
99,44,0.0012285459920687452,0.019495859362744433,,,0.016345407274007084,,,0.008680454253587105,,,0.8630559699663762,0.00020323722575514723,0.08482785851959769,,,0.03711623169247229,,,0.05,5.230649171106551e-05,0.24894561827400372,,,0.09771520354263423,,,0.04083724892089715,1.0108061305607194,,,,,
100,45,0.001216989072007431,0.01923212889823232,,,0.01640766472281514,,,0.008624996902172605,,,0.8587692732065765,0.00020868758735951805,0.08167448033021844,,,0.03499660721399669,,,0.05,5.1959207116714826e-05,0.2466006980251264,,,0.09903218837890516,,,0.0409466705393053,1.0143652616604344,,,,,
101,46,0.00120303176851988,0.018959993495877934,,,0.01681736744045591,,,0.008367459184012467,,,0.8521426149704724,0.00021745517862787125,0.07889212695930005,,,0.03318128246455291,,,0.05,5.0221997044956985e-05,0.24586205631789435,,,0.10029698956526541,,,0.040073286372550504,1.0170437335310836,,,,,
102,47,0.0011865153443476044,0.018708964322455664,,,0.017288850914186416,,,0.008163063833957915,,,0.8441461139764933,0.0002280573753985457,0.0760012772231714,,,0.03126598585930863,,,0.05,4.870407890966852e-05,0.24495397611027056,,,0.10200496794765394,,,0.03942949567716146,1.018901133435345,,,,,
103,48,0.0011678885069768953,0.01848233269958835,,,0.017834940568378643,,,0.008014735480957259,,,0.8351586192541374,0.00023989456979743365,0.07284541676161856,,,0.029538612140445297,,,0.05,4.752243396560533e-05,0.24376575762528208,,,0.10380814440877105,,,0.03909988989300496,1.0197135878501524,,,,,
104,49,0.001146854540188107,0.01824277626302026,,,0.018381900240093896,,,0.00788163683454312,,,0.8248148170946066,0.0002534508027500118,0.06958230418078307,,,0.027929250131046177,,,0.05,4.64540150544164e-05,0.2425293756912532,,,0.10579697504059958,,,0.03892875388375579,1.0195659020383472,,,,,
105,50,0.0011241513184079713,0.018025785649808054,,,0.019025547593164587,,,0.007776267001955097,,,0.8135314055161511,0.0002680674004722249,0.06644174822440102,,,0.026179588426032924,,,0.05,4.538208040852094e-05,0.24091902240409088,,,0.10746958564706564,,,0.03880357795206642,1.0181671032928223,,,,,
106,51,0.0010984283856898377,0.017775287000320755,,,0.01972093328847661,,,0.00774653961915935,,,0.800658389611531,0.000284618052472777,0.06273795905140345,,,0.024803888711580107,,,0.05,4.4744036280351076e-05,0.23903623910235938,,,0.1091733714360701,,,0.03914023415928581,1.0161235668918225,,,,,
107,52,0.0010704369794482752,0.01756888038595097,,,0.020429929536725778,,,0.00777335347312304,,,0.7864847323829243,0.00030261246087717313,0.059373166483181715,,,0.023354398519860223,,,0.05,4.4237783461690384e-05,0.23662561648047128,,,0.11107394073736694,,,0.039686718434535466,1.013040600341649,,,,,
108,53,0.0010398342713889477,0.01733596437980334,,,0.021428670714530293,,,0.007673652295665943,,,0.7702539149975688,0.00032303405358952766,0.05629652455859265,,,0.021596237948649417,,,0.05,4.317980674968584e-05,0.23443598708657495,,,0.11486511518559306,,,0.0398700327366922,1.0090360556466678,,,,,
109,54,0.001006157384395667,0.01711619226864759,,,0.022446770572211186,,,0.007641674416449986,,,0.7520730430424076,0.0003456172691910431,0.05291830898779392,,,0.020414530107573832,,,0.05,4.225394835414504e-05,0.2324404313006435,,,0.11601106893271622,,,0.040302834425987956,1.0043820529056775,,,,,
110,55,0.0009704125588600654,0.016930654202239867,,,0.02369962649891837,,,0.007454661247183479,,,0.7319722179850499,0.0003701952704234636,0.05003132042265886,,,0.018714317294320226,,,0.05,4.0574627402303845e-05,0.23154280574625838,,,0.12152422057596034,,,0.04013367128055173,0.9985416157543744,,,,,
111,56,0.0009319669376848285,0.01671809654184497,,,0.02488920353962155,,,0.007481992633997108,,,0.7104690931285756,0.0003959225370539099,0.0468853675258914,,,0.017571234246001505,,,0.05,3.9572608436140907e-05,0.22917349918377325,,,0.12365867689141084,,,0.04073185553191429,0.9918347677438677,,,,,
112,57,0.0008907052010981714,0.016503360697196327,,,0.026289900838319783,,,0.007417491562841356,,,0.6868784601088539,0.00042359665038078383,0.04393631325244787,,,0.01623818162486252,,,0.05,3.8516771372872046e-05,0.22691688160430992,,,0.1278346642432617,,,0.041450560268657774,0.9843757111736621,,,,,
113,58,0.0008472766673206271,0.016308433041620975,,,0.027900863290878486,,,0.007264574763352612,,,0.6607916628354642,0.0004535901370049764,0.04115002091424731,,,0.014996954896932582,,,0.05,3.633540242605078e-05,0.22601372485533708,,,0.1314185967299991,,,0.04112144194280613,0.9758769927053691,,,,,
114,59,0.0008009517437105623,0.0160994835051605,,,0.029588350393799884,,,0.007208716816578163,,,0.6329674043942661,0.0004846893913664629,0.038301883664061086,,,0.013771717972508125,,,0.05,3.4921117892778676e-05,0.22385441897779687,,,0.1361534958438131,,,0.04177802569854255,0.9667743210769446,,,,,
115,60,0.000752196530791367,0.01588901906083549,,,0.03152254035051733,,,0.007079228748320989,,,0.6025870490170597,0.0005177686010445592,0.035629784171412826,,,0.012635719350232636,,,0.05,3.288269877436891e-05,0.2224510880602892,,,0.1403226555608459,,,0.041884560864714086,0.9569181462973995,,,,,
116,61,0.0007012922459355171,0.015677331435653433,,,0.03369833455734309,,,0.0069465102404561415,,,0.570243018191603,0.00055181144612373,0.03297065945946739,,,0.011379355133665524,,,0.05,3.0904408988311426e-05,0.220733723222032,,,0.1471493244312103,,,0.04220779865694204,0.9462328013492858,,,,,
117,62,0.0006481561517340308,0.015444108799450384,,,0.036025585892606196,,,0.006789669190104093,,,0.5353188071219981,0.0005873536982290217,0.030447200013980668,,,0.010358523706159107,,,0.05,2.8482984761434547e-05,0.21942878859061143,,,0.15129298948625136,,,0.04209479355414942,0.9349763174972147,,,,,
118,63,0.0005932209103487315,0.015194610625446749,,,0.038712808415076676,,,0.006593211606616078,,,0.49836362760515973,0.0006234101192128786,0.02791174990412887,,,0.009186094970048547,,,0.05,2.612199537691973e-05,0.21776997351151298,,,0.15864439670377167,,,0.04217695098374296,0.9231117367942552,,,,,
119,64,0.000536882718976801,0.01492761202187831,,,0.04166798265918217,,,0.006372804204506195,,,0.4592125929008056,0.0006598912891465364,0.0254625107826128,,,0.00811491282368404,,,0.05,2.346758863687573e-05,0.21647711562637828,,,0.16541519278062677,,,0.041880210143571524,0.9106398323943317,,,,,
120,65,0.0004795025606839528,0.014633180460293119,,,0.04502167861807049,,,0.006060363037047339,,,0.4180205791206377,0.0006962884634228554,0.02309067874531234,,,0.00700474319450346,,,0.05,2.062321055938314e-05,0.21536815130226292,,,0.1742436416977506,,,0.041236048500585924,0.8977310727827124,,,,,
121,66,0.0004217989640536379,0.014295460894948701,,,0.04887447870592416,,,0.005742860507414666,,,0.375232421716289,0.0007317467271998349,0.020753519066072642,,,0.00601193179151771,,,0.05,1.7684623242046556e-05,0.214216653042177,,,0.18080376242943777,,,0.04023955331498726,0.8843361142898941,,,,,
122,67,0.00036436331394185443,0.013893778324417544,,,0.05309663451314728,,,0.005334006412253938,,,0.3312887686542968,0.0007654429599606103,0.01842872956128694,,,0.004963271256006899,,,0.05,1.4847687449800553e-05,0.21279733219855088,,,0.1923777734522691,,,0.03915415796301129,0.87062842233315,,,,,
123,68,0.0003081484979875844,0.01342487824298278,,,0.058042378950572425,,,0.004811424497094306,,,0.2864332565669203,0.0007968080377020796,0.01621648784213088,,,0.003982680858150823,,,0.05,1.1698696683573064e-05,0.21237517313569043,,,0.20211122711045837,,,0.036575892734031244,0.8566035544928047,,,,,
124,69,0.00025403876428481696,0.012859428217614642,,,0.06352675928156254,,,0.004303877791724436,,,0.24193885053645148,0.0008241727468848853,0.014006012181081419,,,0.003081354376619962,,,0.05,8.999919554747222e-06,0.21093124882015024,,,0.21490298670773444,,,0.034215193839080206,0.8423907670323147,,,,,
125,70,0.0002032647670148646,0.012164259139354455,,,0.06996628833811765,,,0.003641871749611194,,,0.19847258822115232,0.0008466602520730221,0.011864171810344465,,,0.00220728177279255,,,0.05,6.383523366088938e-06,0.20936971385112849,,,0.2334072781551614,,,0.030448726075893048,0.8279123055632746,,,,,
126,71,0.00015674709060648891,0.011294954188054132,,,0.0772997065457102,,,0.002850820510312851,,,0.15703544116614088,0.0008631474847752859,0.009823768008459861,,,0.0014585566594661847,,,0.05,4.048217621702714e-06,0.20769488650829626,,,0.25365023281947446,,,0.025176217305779295,0.8134714610982442,,,,,
127,72,0.00011563775762155907,0.01021130987313306,,,0.08587749270377563,,,0.00182361128733864,,,0.1189152157297988,0.0008723816946838624,0.007865234939465981,,,0.0008084146765732256,,,0.05,2.1028494960475706e-06,0.2056651160844163,,,0.2919640469593051,,,0.017860019134665357,0.7990568227810033,,,,,
128,73,8.071226325056475e-05,0.008830857448155087,,,0.09584913861540474,,,0.000633514139749986,,,0.08521005293811768,0.0008735044056495419,0.0060475194162034835,,,0.00025994818105340526,,,0.05,6.52160228436959e-07,0.19721332289966606,,,0.410596920078875,,,0.008015299568923592,0.7851153973674329,,,,,
129,74,5.2736006999557954e-05,0.007228180685911501,,,0.1064457047684501,,,8.627174608032662e-06,,,0.057442705247221504,0.0008654745625849437,0.004350944061513423,,,2.743545893180781e-06,,,0.05,9.009642188625263e-09,0.045252832326906745,,,0.14287640874015636,,,0.0001708150411596291,0.7715696956551198,,,,,
130,75,3.187438445332583e-05,0.00553934539768165,,,0.11814801247197247,,,0.0,,,0.036211467310933276,0.0008483546374648777,0.002856655709490379,,,0.0,,,0.05,0.0,0.0,,,0.0,,,0.0,0.7584464557400913,,,,,
131,76,1.751286447321683e-05,0.0037448541025032985,,,0.1307611648379999,,,0.0,,,0.020824583762970028,0.0008234578205859494,0.0017173986477733974,,,0.0,,,0.05,0.0,0.0,,,0.0,,,0.0,0.7456912765074075,,,,,
132,77,8.60250920922351e-06,0.0023583398568798957,,,0.14755090605091292,,,0.0,,,0.01074589859315589,0.0007919363321588248,0.0009497753358901065,,,0.0,,,0.05,0.0,0.0,,,0.0,,,0.0,0.7325353810406631,,,,,
133,78,3.718906151815349e-06,0.00163786217965894,,,0.17442858782558893,,,0.0,,,0.0048994215534474694,0.0007553311390925162,0.0005033249959115946,,,0.0,,,0.05,0.0,0.0,,,0.0,,,0.0,0.7163853343915105,,,,,
134,79,1.3397716818110782e-06,0.0010710494650105495,,,0.21359997349569024,,,0.0,,,0.001869506960825107,0.0007153046216718896,0.00022810308317102964,,,0.0,,,0.05,0.0,0.0,,,0.0,,,0.0,0.6976965309970596,,,,,
135,80,3.614397413091601e-07,0.0006222214063580586,,,0.2757492396646049,,,0.0,,,0.0005366696820819916,0.0006731249772796359,8.063238825805522e-05,,,0.0,,,0.05,0.0,0.0,,,0.0,,,0.0,0.6747727367159068,,,,,
136,81,5.7161414179652304e-08,0.0002913549805957035,,,0.39495996890435214,,,0.0,,,9.076618843062434e-05,0.0006297083401239852,1.7412087650466016e-05,,,0.0,,,0.05,0.0,0.0,,,0.0,,,0.0,0.6435996893287819,,,,,
137,82,2.4739314182430523e-09,5.7690125100489977e-05,,,0.5689592271686108,,,0.0,,,4.223919515822239e-06,0.0005856932072895871,1.0514084724792231e-06,,,0.0,,,0.05,0.0,0.0,,,0.0,,,0.0,0.5024916977563549,,,,,
138,83,0.0,0.0,,,0.0,,,0.0,,,0.0,0.0005415147044535105,0.0,,,0.0,,,0.05,0.0,0.0,,,0.0,,,,0.0,,,,,
139,84,0.0,0.0,,,0.0,,,0.0,,,0.0,0.0004974822189070161,0.0,,,0.0,,,0.05,0.0,0.0,,,0.0,,,,0.0,,,,,
140,85,0.0,0.0,,,0.0,,,0.0,,,0.0,0.000453876963825608,0.0,,,0.0,,,0.05,0.0,0.0,,,0.0,,,,0.0,,,,,
141,86,0.0,0.0,,,0.0,,,0.0,,,0.0,0.0004109928619906289,0.0,,,0.0,,,0.05,0.0,0.0,,,0.0,,,,0.0,,,,,
142,87,0.0,0.0,,,0.0,,,0.0,,,0.0,0.0003691339659470612,0.0,,,0.0,,,0.05,0.0,0.0,,,0.0,,,,0.0,,,,,
143,88,0.0,0.0,,,0.0,,,0.0,,,0.0,0.00032860821243481565,0.0,,,0.0,,,0.05,0.0,0.0,,,0.0,,,,0.0,,,,,
144,89,0.0,0.0,,,0.0,,,0.0,,,0.0,0.00028972007755732746,0.0,,,0.0,,,0.05,0.0,0.0,,,0.0,,,,0.0,,,,,
145,90,0.0,0.0,,,0.0,,,0.0,,,0.0,0.0002527622189280549,0.0,,,0.0,,,0.05,0.0,0.0,,,0.0,,,,0.0,,,,,
146,91,0.0,0.0,,,0.0,,,0.0,,,0.0,0.00021800639649764618,0.0,,,0.0,,,0.05,0.0,0.0,,,0.0,,,,0.0,,,,,
147,92,0.0,0.0,,,0.0,,,0.0,,,0.0,0.00018569398952792437,0.0,,,0.0,,,0.05,0.0,0.0,,,0.0,,,,0.0,,,,,
148,93,0.0,0.0,,,0.0,,,0.0,,,0.0,0.00015602656870316995,0.0,,,0.0,,,0.05,0.0,0.0,,,0.0,,,,0.0,,,,,
149,94,0.0,0.0,,,0.0,,,0.0,,,0.0,0.0001291570876161618,0.0,,,0.0,,,0.05,0.0,0.0,,,0.0,,,,0.0,,,,,
150,95,0.0,0.0,,,0.0,,,0.0,,,0.0,0.00010518232338761048,0.0,,,0.0,,,0.05,0.0,0.0,,,0.0,,,,0.0,,,,,
151,96,0.0,0.0,,,0.0,,,0.0,,,0.0,8.413724626343897e-05,0.0,,,0.0,,,0.05,0.0,0.0,,,0.0,,,,0.0,,,,,
152,97,0.0,0.0,,,0.0,,,0.0,,,0.0,6.599197193059418e-05,0.0,,,0.0,,,0.05,0.0,0.0,,,0.0,,,,0.0,,,,,
153,98,0.0,0.0,,,0.0,,,0.0,,,0.0,5.065184210919924e-05,0.0,,,0.0,,,0.05,0.0,0.0,,,0.0,,,,0.0,,,,,
154,99,0.0,0.0,,,0.0,,,0.0,,,0.0,3.796099549326902e-05,0.0,,,0.0,,,0.05,0.0,0.0,,,0.0,,,,0.0,,,,,
155,100,0.0,0.0,,,0.0,,,0.0,,,0.0,2.57368275499892e-05,0.0,,,0.0,,,0.05,0.0,0.0,,,0.0,,,,0.0,,,,,
156,23,0.0004667939928888043,0.027893959441636206,,,0.07581353310847372,,,0.015057198401628948,,,0.3327965840292092,0.0010350375789020753,0.04027335461154529,,,0.012620227916844492,,,0.1,4.9475801832321104e-05,0.23748062279088114,,,0.17464252404953626,,,0.09583322971479778,0.7573987404843172,,,,,
157,24,0.0005810834188335117,0.02504989638823178,,,0.06351237390604468,,,0.013641653975232483,,,0.40818066022242827,0.0009172689446846298,0.04423772150663141,,,0.014250923514872768,,,0.1,5.1561407514373954e-05,0.23880050177091425,,,0.16596152448305432,,,0.08150135015254326,0.7842188195470067,,,,,
158,25,0.0006682888454444097,0.02407553929498316,,,0.0561539947666222,,,0.013202749801357057,,,0.4672883300691303,0.0008248575837955046,0.048081921006398305,,,0.016301235316695906,,,0.1,5.526639960340129e-05,0.23995154181604014,,,0.15868602319388295,,,0.07638172756214268,0.8034606739757495,,,,,
159,26,0.0007435681273543986,0.023582568619425478,,,0.050260049511424855,,,0.013014277972071666,,,0.5187779680306501,0.000744352503232887,0.05214767990522717,,,0.01842240747212464,,,0.1,5.8875762309988254e-05,0.24053681250324596,,,0.1521943566819368,,,0.07337056592780883,0.8194162518113697,,,,,
160,27,0.0008107220577393579,0.02326452641973605,,,0.04565972096602077,,,0.012836039997436153,,,0.5647052147142559,0.0006725546925876952,0.05653280369498257,,,0.02060284929185019,,,0.1,6.177895748760551e-05,0.24126323425070917,,,0.14682213203990346,,,0.07080674567643336,0.8340886857205094,,,,,
161,28,0.0008699580287296862,0.02291685945794826,,,0.04181324223561448,,,0.012529838521004743,,,0.6051695479793963,0.0006092950001683211,0.06013909308768813,,,0.022588872225472335,,,0.1,6.392834693094171e-05,0.24189789894369618,,,0.14172833099271925,,,0.06845409527012215,0.8484712410326736,,,,,
162,29,0.0009226031610129018,0.022553588890353905,,,0.038592533503084954,,,0.012134347299191932,,,0.6404217961307848,0.000554168736085095,0.06377061753502479,,,0.024324137466649954,,,0.1,6.439141625637903e-05,0.2425629748172461,,,0.13721657576992233,,,0.06523988858634952,0.8623808196447629,,,,,
163,30,0.0009689618740950082,0.022277117876421063,,,0.03605493967607245,,,0.01168033289789721,,,0.6706711147980273,0.0005068340930271737,0.06743419695615789,,,0.025713773433361394,,,0.1,6.319473731098529e-05,0.24381227462647406,,,0.13431224209202414,,,0.06122591921869496,0.8761097806370279,,,,,
164,31,0.0010091578166192348,0.022035378951815007,,,0.03332504286041293,,,0.011210016357960326,,,0.69841036551339,0.0004634383007130617,0.07056338585620027,,,0.02627227534088687,,,0.1,6.40558352520929e-05,0.24483477963613906,,,0.13386097709987585,,,0.059686004869953735,0.8894319512130636,,,,,
165,32,0.0010424287997401137,0.021563769513231152,,,0.03089419120930226,,,0.011131749775892102,,,0.7210494990315399,0.0004279476236159029,0.07302461075286484,,,0.028874175885171754,,,0.1,6.375820673123846e-05,0.24358391812297742,,,0.1272870019801947,,,0.057637819245971826,0.9027261849213352,,,,,
166,33,0.0010719470631956956,0.021304093231317444,,,0.029744467872420036,,,0.01018195967462998,,,0.7391081597923369,0.00039953639709419604,0.07494395476895488,,,0.02804002985412565,,,0.1,5.994196403988236e-05,0.24784330231886162,,,0.12838115992694502,,,0.05295745660356751,0.9152901252986806,,,,,
167,34,0.0010966170872071571,0.020996146674628628,,,0.027642800147017088,,,0.010412186120759448,,,0.7576446661724139,0.0003704425712148225,0.07778432737454834,,,0.030672772092850475,,,0.1,6.145042371369484e-05,0.24426773108912456,,,0.12293812319739751,,,0.053062902753252934,0.9270130438799242,,,,,
168,35,0.00111404143704157,0.020667934435430718,,,0.026903055836473146,,,0.009433769822437767,,,0.7677435066598983,0.00035427786572978046,0.07875278228356232,,,0.029309974645927436,,,0.1,5.705404905566815e-05,0.24884201713745557,,,0.12412233890362433,,,0.04871852870495212,0.9394074601450186,,,,,
169,36,0.001130575941573937,0.020389182179408803,,,0.025562169280931465,,,0.009418471673841964,,,0.7800864053213385,0.00033470825449682874,0.08026709129357074,,,0.030929906195022838,,,0.1,5.6714728033519775e-05,0.24709320755141925,,,0.12074725513264702,,,0.047768191467613276,0.9497112793761413,,,,,
170,37,0.0011409737738359506,0.020025778289817324,,,0.024650820618549715,,,0.009018250912344046,,,0.7878638635737835,0.00032210101162903935,0.08029998067360168,,,0.03002596929326724,,,0.1,5.529458363620458e-05,0.24659141286887995,,,0.12166588714202159,,,0.046222558083077646,0.9603682417569663,,,,,
171,38,0.0011500210764272061,0.019762806009697494,,,0.02436978237941866,,,0.008411610856773203,,,0.7934282403714547,0.0003128459215730618,0.08189301949145233,,,0.029607793446271808,,,0.1,5.159907488218814e-05,0.24958110109358647,,,0.12046440276265795,,,0.04294125296247829,0.9693723532052405,,,,,
172,39,0.0011540502249919123,0.019464302904203017,,,0.023425838714800386,,,0.00845438071452326,,,0.7984011727173081,0.00030446849407015573,0.08014525292692078,,,0.030464232637106726,,,0.1,5.175045350219015e-05,0.24749211364776516,,,0.11834914331979536,,,0.0429179170531071,0.9784589175791553,,,,,
173,40,0.0011552883842779905,0.01917356899145004,,,0.0230460839992682,,,0.008191395899389704,,,0.8006673901455981,0.00030014657045865096,0.0798542708234073,,,0.029118075667535003,,,0.1,5.032253611187749e-05,0.24606951118955667,,,0.11962680005898124,,,0.04174027894140532,0.9864998008196675,,,,,
174,41,0.0011538014362795983,0.018893449158657285,,,0.02310392634989913,,,0.007678983307016762,,,0.8003821949126624,0.0002996080544235716,0.07976270007842728,,,0.027832013645730472,,,0.1,4.7498979322767146e-05,0.24720104239286736,,,0.12040805713262899,,,0.039539634470991035,0.993603734267998,,,,,
175,42,0.0011494776656232467,0.01867610910528316,,,0.022851488665622657,,,0.0075508194063804044,,,0.7992940567228561,0.00030019549917112274,0.07782837675000641,,,0.027479386077989512,,,0.1,4.602494094931199e-05,0.2476170477614277,,,0.1200133232097426,,,0.03849840284435933,1.0,,,,,
176,43,0.0011422399971229636,0.018405167056002984,,,0.0226427865019998,,,0.007475371330077728,,,0.7974522191839534,0.00030181662686303235,0.07536163064615274,,,0.027150611482691562,,,0.1,4.604425812211991e-05,0.2454030724151678,,,0.11781095919003276,,,0.03874852159227111,1.005582761233807,,,,,
177,44,0.001131978532712872,0.018156886901632797,,,0.022785358479259003,,,0.0072389676268664405,,,0.7927686078942462,0.00030754997651675196,0.0732100694884151,,,0.025702502786026694,,,0.1,4.456120030532873e-05,0.24483815780106996,,,0.11968576172225655,,,0.03787479424176776,1.0104379061477482,,,,,
178,45,0.0011194543176280944,0.017921012277094143,,,0.02295341807916661,,,0.00708113274001594,,,0.7868416167169944,0.0003149704723806402,0.07092236630498047,,,0.02472981239914203,,,0.1,4.32110764749259e-05,0.24426780724332894,,,0.1212793292651471,,,0.03716553076585085,1.0142312769509738,,,,,
179,46,0.0011044660398749917,0.017682915519305974,,,0.02333783611072729,,,0.006856139131533943,,,0.7792498209282057,0.00032465926279302897,0.06866994808555897,,,0.023298556653640144,,,0.1,4.158364152468391e-05,0.24367453352379545,,,0.12305765187628863,,,0.03628432711040731,1.0171169010516072,,,,,
180,47,0.001086819905051105,0.01745411426778913,,,0.023804263706535964,,,0.0066653976192257505,,,0.7701614223306532,0.0003363174581396083,0.06624864843633389,,,0.022045416797996625,,,0.1,4.013943546510427e-05,0.2429114115269314,,,0.12430655250761245,,,0.03561746553049395,1.0191685458236444,,,,,
181,48,0.001067236465820023,0.017243029914224387,,,0.024279243379269445,,,0.006526452862505124,,,0.7601638053660342,0.0003490349357257059,0.06371515039014562,,,0.020932549938968342,,,0.1,3.9034109194205306e-05,0.24173394689268324,,,0.12570191715758175,,,0.03528441420735001,1.0200869407039788,,,,,
182,49,0.001045510891919498,0.01701889275719985,,,0.02483078578225499,,,0.0064321910905926405,,,0.7489551328440882,0.0003632015108338092,0.06103560242968937,,,0.01975776299309096,,,0.1,3.8046955239231534e-05,0.23999566600916078,,,0.1267383663944876,,,0.035112989434756096,1.019981637651368,,,,,
183,50,0.0010211532495249989,0.016809665224962685,,,0.025444875879140034,,,0.006434884537715798,,,0.7362834011680002,0.0003791191932665852,0.05816138697659423,,,0.018762545609432926,,,0.1,3.732835649713422e-05,0.23812784607970747,,,0.12908850446021247,,,0.03526594726328544,1.0191104036645378,,,,,
184,51,0.000993990937585046,0.016579591421079957,,,0.026130221487723506,,,0.006428137477314091,,,0.7218901159738988,0.00039708264326090395,0.05508663961672033,,,0.01781549803576144,,,0.1,3.671689359701158e-05,0.23594372359363,,,0.13101640506079817,,,0.03562298886863327,1.0174540083337322,,,,,
185,52,0.0009631105084680552,0.016327132081283734,,,0.02705054672516249,,,0.006344433786770747,,,0.7048211209785621,0.0004183532539688923,0.0519717411879855,,,0.01661236037692398,,,0.1,3.582346135018729e-05,0.2335327358657023,,,0.13364396966971245,,,0.03586169099515699,1.0155435506148935,,,,,
186,53,0.0009306790146678276,0.01613241827517992,,,0.028014906451925937,,,0.0062668630871249124,,,0.6867042704307026,0.0004405088752393209,0.04932268693311697,,,0.015727832142311996,,,0.1,3.486024182100955e-05,0.23198556131350215,,,0.1349111356227429,,,0.03610442722730722,1.0121687009087452,,,,,
187,54,0.000896211996281278,0.015984853908285673,,,0.029220253468017123,,,0.006098862422899673,,,0.6667192294856128,0.00046460292657394083,0.04640920777295765,,,0.014350695420290218,,,0.1,3.3213679085632117e-05,0.23164134913799425,,,0.14082932602957668,,,0.035735702128650924,1.0078443938168937,,,,,
188,55,0.00085820336137208,0.015749460171630116,,,0.030512132209080237,,,0.006006418406509096,,,0.6441327615055108,0.0004915175867178207,0.04384297599635991,,,0.013428177526395343,,,0.1,3.1461508595929094e-05,0.23031081332247938,,,0.14217723976800328,,,0.03536332573979278,1.0031067354936936,,,,,
189,56,0.0008184936407987401,0.015537398714952631,,,0.03182388483303572,,,0.005969422922023899,,,0.6210200404771855,0.0005182407249305973,0.040991229668010054,,,0.012532880848711049,,,0.1,3.072771744553668e-05,0.227669442608176,,,0.1452155809443225,,,0.03618340159162355,0.9972607120620102,,,,,
190,57,0.0007766779305984702,0.015382179881257634,,,0.03345166025486984,,,0.005794173247378576,,,0.5954463226388877,0.0005472877486773009,0.03845493972272306,,,0.011367446118440956,,,0.1,2.885294357605244e-05,0.2271586795988669,,,0.15101371849809123,,,0.035818544640663016,0.9905357886442718,,,,,
191,58,0.0007319164872976747,0.01513471182044219,,,0.03509649817650772,,,0.005749270185748268,,,0.5678360487374556,0.0005778905893067879,0.03574926808823264,,,0.010608845974240127,,,0.1,2.7395130147189878e-05,0.22506120182500788,,,0.15317011821732393,,,0.03607890294023995,0.9834572365007566,,,,,
192,59,0.0006855807164382438,0.014944238818738333,,,0.03709614884291729,,,0.005552857645136714,,,0.5384572612821543,0.0006094959188830904,0.033269677309410724,,,0.009516809508869885,,,0.1,2.5485617648466464e-05,0.22414001014686283,,,0.15915258075528232,,,0.035841406668760456,0.975370711347334,,,,,
193,60,0.0006370715993351157,0.014717013962518552,,,0.03914037193460395,,,0.005450547267672312,,,0.5072659171697358,0.0006419575308831597,0.030782144869822056,,,0.008638443796392259,,,0.1,2.3818700392012302e-05,0.22236131259216066,,,0.1653360517572488,,,0.036040323790267004,0.9667508490935429,,,,,
194,61,0.0005870154353023032,0.014484956697084458,,,0.04158816319964178,,,0.00523098861768848,,,0.4739174030277733,0.0006754943163324737,0.028432784561035165,,,0.007773363253089114,,,0.1,2.1498349412775616e-05,0.2216159926136059,,,0.16843193396049339,,,0.03532927265212517,0.957435717769018,,,,,
195,62,0.0005356710898128669,0.014238812725935523,,,0.04418070969750024,,,0.005018682616278971,,,0.4391710903514726,0.0007088837233020813,0.02606569416154853,,,0.006849403195909157,,,0.1,1.9438021609531736e-05,0.22044199829482836,,,0.17549385628140315,,,0.03501657819977806,0.9475130594143505,,,,,
196,63,0.0004833731934139653,0.01395679733051988,,,0.04708785062563483,,,0.004812088477964573,,,0.4029085168255475,0.0007420372468800824,0.02372687263586418,,,0.006001075013898531,,,0.1,1.734258464447918e-05,0.2190894438566593,,,0.18303845212335382,,,0.03463558650323761,0.9370556087784302,,,,,
197,64,0.0004305388598186658,0.013653214358888067,,,0.050378128631541036,,,0.004562373165689092,,,0.3651206161909858,0.0007747062330492482,0.021499686473659668,,,0.005163516563018272,,,0.1,1.4996503892293646e-05,0.21789718958945048,,,0.18972378114437727,,,0.03365951417949083,0.9261288833241409,,,,,
198,65,0.0003778095864322354,0.013303653257037777,,,0.054086042255849294,,,0.004230918247439258,,,0.3263224805929996,0.0008059973737931408,0.01930038848520384,,,0.0043200950726285745,,,0.1,1.2607274440809469e-05,0.21711264261319954,,,0.19850450922384189,,,0.03229182882270313,0.9147238601744904,,,,,
199,66,0.00032581918052801157,0.012895085897854925,,,0.05825604780756586,,,0.0039060900273500537,,,0.2870880316949618,0.0008349841088455258,0.017139678207393646,,,0.0035219344677633,,,0.1,1.042702512197671e-05,0.2156957999873577,,,0.21053365790385292,,,0.03101009006724854,0.9028924457087728,,,,,
200,67,0.00027524113573956717,0.012420015710508594,,,0.06290910374545929,,,0.00350666620435416,,,0.2475119681683302,0.0008613384065062863,0.015046930809252783,,,0.0028136871324968026,,,0.1,8.074419106406416e-06,0.21497347914779966,,,0.218488856992054,,,0.02849973807755147,0.8908236115043149,,,,,
201,68,0.00022699315961902382,0.011836955466649195,,,0.06824528784019797,,,0.0030041170895866508,,,0.20864279270421815,0.0008836731662031032,0.012997744862097408,,,0.002092862745296555,,,0.1,5.988906551104853e-06,0.21340037520298538,,,0.2351267560594554,,,0.025705440120578293,0.8784480223554622,,,,,
202,69,0.00018192624912512115,0.011124023478023501,,,0.07448891891747506,,,0.0023467652575160005,,,0.1710146331766833,0.0009012823667136062,0.011016675615144083,,,0.0014306292155569905,,,0.1,4.002814885716651e-06,0.2120700675120548,,,0.25673105269758945,,,0.02152872068179361,0.8658665951446324,,,,,
203,70,0.00014087385162907338,0.010254101870440777,,,0.08136673266784046,,,0.0015951407077359231,,,0.1355280038315757,0.0009131491542649423,0.009138815827035322,,,0.0008619005397971184,,,0.1,2.285536559954465e-06,0.20924745837450945,,,0.29186230154838116,,,0.015964978538023922,0.8532079125954973,,,,,
204,71,0.00010460370248491329,0.009165003281942405,,,0.0895742928637114,,,0.0006773239636256239,,,0.10301263269935723,0.0009184637501626529,0.007334905745700512,,,0.0003489973287376176,,,0.1,8.7534035590763e-07,0.20168046582253782,,,0.39007950995920937,,,0.008298713491632755,0.8407741486413833,,,,,
205,72,7.39068239261848e-05,0.007873072828460335,,,0.09837674180350194,,,4.28579381939854e-05,,,0.07469453795050407,0.0009161655739539139,0.005648862590372995,,,1.8791166461803773e-05,,,0.1,4.990392136508793e-08,0.10694610372401127,,,0.26901466075730446,,,0.0006747718945591669,0.8285064881678281,,,,,
206,73,4.9317711555182596e-05,0.0064775625504484334,,,0.10765344586934227,,,0.0,,,0.05164867681374874,0.0009055511175733569,0.004047799381209702,,,0.0,,,0.1,0.0,0.0,,,0.0,,,0.0,0.8163934712872688,,,,,
207,74,3.07439814360659e-05,0.004927583101804896,,,0.11773974462650742,,,0.0,,,0.03348216715435137,0.0008874755977906174,0.0027239398403336463,,,0.0,,,0.1,0.0,0.0,,,0.0,,,0.0,0.8044631811739172,,,,,
208,75,1.7589930099027534e-05,0.0033683162479697364,,,0.1293653898538584,,,0.0,,,0.019983356218698067,0.0008626390918191705,0.0016828974362891897,,,0.0,,,0.1,0.0,0.0,,,0.0,,,0.0,0.7932655760540278,,,,,
209,76,9.150275180663343e-06,0.002263014504666037,,,0.1439871644180393,,,0.0,,,0.010880611349751934,0.0008318204098784983,0.00098880558201701,,,0.0,,,0.1,0.0,0.0,,,0.0,,,0.0,0.7811638952157347,,,,,
210,77,4.298102961800379e-06,0.0016475263735251332,,,0.16805530396080984,,,0.0,,,0.005369012394770611,0.0007962407384062433,0.0005577860381360951,,,0.0,,,0.1,0.0,0.0,,,0.0,,,0.0,0.7657255149064542,,,,,
211,78,1.7341586144323087e-06,0.0011392284210908763,,,0.20026150904004225,,,0.0,,,0.002284643318707813,0.0007573158866298947,0.0002761514682331359,,,0.0,,,0.1,0.0,0.0,,,0.0,,,0.0,0.7483709660258365,,,,,
212,79,5.610279693548937e-07,0.0007233205179642061,,,0.24909665782154933,,,0.0,,,0.000782854055034754,0.000716083365384342,0.00011329705072082287,,,0.0,,,0.1,0.0,0.0,,,0.0,,,0.0,0.7277991518815847,,,,,
213,80,1.2521407549910403e-07,0.0003963619679106976,,,0.3322698892286509,,,0.0,,,0.0001859192291553402,0.0006733612029454417,3.3392369652921616e-05,,,0.0,,,0.1,0.0,0.0,,,0.0,,,0.0,0.7015479268733442,,,,,
214,81,1.2959284713923467e-08,0.00014478494153106518,,,0.5180369807855887,,,0.0,,,2.057795271770413e-05,0.0006297525422534472,4.834455355967032e-06,,,0.0,,,0.1,0.0,0.0,,,0.0,,,0.0,0.6680695085432131,,,,,
215,82,1.3938666695754094e-10,6.337847110258009e-06,,,0.285013204198092,,,0.0,,,2.3798479553693852e-07,0.0005856955418343348,6.733384311994765e-08,,,0.0,,,0.1,0.0,0.0,,,0.0,,,0.0,0.21138403277048495,,,,,
216,83,0.0,0.0,,,0.0,,,0.0,,,0.0,0.0005415147044535068,0.0,,,0.0,,,0.1,0.0,0.0,,,0.0,,,,0.0,,,,,
217,84,0.0,0.0,,,0.0,,,0.0,,,0.0,0.0004974822189070128,0.0,,,0.0,,,0.1,0.0,0.0,,,0.0,,,,0.0,,,,,
218,85,0.0,0.0,,,0.0,,,0.0,,,0.0,0.00045387696382560454,0.0,,,0.0,,,0.1,0.0,0.0,,,0.0,,,,0.0,,,,,
219,86,0.0,0.0,,,0.0,,,0.0,,,0.0,0.0004109928619906255,0.0,,,0.0,,,0.1,0.0,0.0,,,0.0,,,,0.0,,,,,
220,87,0.0,0.0,,,0.0,,,0.0,,,0.0,0.0003691339659470578,0.0,,,0.0,,,0.1,0.0,0.0,,,0.0,,,,0.0,,,,,
221,88,0.0,0.0,,,0.0,,,0.0,,,0.0,0.0003286082124348125,0.0,,,0.0,,,0.1,0.0,0.0,,,0.0,,,,0.0,,,,,
222,89,0.0,0.0,,,0.0,,,0.0,,,0.0,0.0002897200775573243,0.0,,,0.0,,,0.1,0.0,0.0,,,0.0,,,,0.0,,,,,
223,90,0.0,0.0,,,0.0,,,0.0,,,0.0,0.00025276221892805203,0.0,,,0.0,,,0.1,0.0,0.0,,,0.0,,,,0.0,,,,,
224,91,0.0,0.0,,,0.0,,,0.0,,,0.0,0.00021800639649764358,0.0,,,0.0,,,0.1,0.0,0.0,,,0.0,,,,0.0,,,,,
225,92,0.0,0.0,,,0.0,,,0.0,,,0.0,0.00018569398952792207,0.0,,,0.0,,,0.1,0.0,0.0,,,0.0,,,,0.0,,,,,
226,93,0.0,0.0,,,0.0,,,0.0,,,0.0,0.00015602656870316786,0.0,,,0.0,,,0.1,0.0,0.0,,,0.0,,,,0.0,,,,,
227,94,0.0,0.0,,,0.0,,,0.0,,,0.0,0.00012915708761615998,0.0,,,0.0,,,0.1,0.0,0.0,,,0.0,,,,0.0,,,,,
228,95,0.0,0.0,,,0.0,,,0.0,,,0.0,0.0001051823233876089,0.0,,,0.0,,,0.1,0.0,0.0,,,0.0,,,,0.0,,,,,
229,96,0.0,0.0,,,0.0,,,0.0,,,0.0,8.413724626343763e-05,0.0,,,0.0,,,0.1,0.0,0.0,,,0.0,,,,0.0,,,,,
230,97,0.0,0.0,,,0.0,,,0.0,,,0.0,6.599197193059304e-05,0.0,,,0.0,,,0.1,0.0,0.0,,,0.0,,,,0.0,,,,,
231,98,0.0,0.0,,,0.0,,,0.0,,,0.0,5.065184210919834e-05,0.0,,,0.0,,,0.1,0.0,0.0,,,0.0,,,,0.0,,,,,
232,99,0.0,0.0,,,0.0,,,0.0,,,0.0,3.796099549326832e-05,0.0,,,0.0,,,0.1,0.0,0.0,,,0.0,,,,0.0,,,,,
233,100,0.0,0.0,,,0.0,,,0.0,,,0.0,2.5736827549988716e-05,0.0,,,0.0,,,0.1,0.0,0.0,,,0.0,,,,0.0,,,,,
